"(* La fecha seleccionada será la fecha para la que se grabaron los pedidos)","(* La data seleccionada ser&agrave; la data per a la qual es van gravar les  comandes)"
"(*Los pedidos que no tengan la opción de reimprimir la etiqueta ya han pasado el periodo de validez de 7 días desde su grabación.)","(* Les comandes que no tinguin l&#39;opció de tornar a imprimir  l&#39;etiqueta ja han passat el període de validesa de 7 dies des de la  gravació.)"
"(filtrado de un total de _MAX_ registros)","(filtrat de _MAX_ total registres)"
"**Los pedidos que no se pueden seleccionar ya tienen número de envío, solo se podrán reimprimir las etiquetas. (Ya se encuentran grabados)","**Les comandes que no es poden seleccionar ja tenen número  d&#39;enviament, només es podran tornar a imprimir les etiquetes. (Ja es  troben gravats)"
"*El servicio de entrega en oficinas no se puede realizar con importe de reembolso.","* El servei de lliurament en oficines no es pot realitzar amb import de  reemborsament."
"612345789","612345789"
": Activar para ordenar la columna de manera ascendente",": Activa per ordenar la columna de manera ascendent"
": Activar para ordenar la columna de manera descendente",": Activa per ordenar la columna de manera descendent"
"A elegir entre: Adhesiva, medio folio y térmica.","A triar entre: Adhesiva, mig foli i térmica."
"Acceso, rectificación, supresión, cancelación, limitación y portabilidad de los datos.","Accés, rectificació, supressió, cancel·lació,  limitació i portabilitat de les dades."
"Acciones","Accions"
"Acepto alterar la referencia de los productos en los envios.","Estic de acord amb alterar la referència dels productes en els enviaments."
"Activar / Desactivar","Activa / Desactiva"
"Activar cambio de estado de la orden","Activa canvi de estat de la ordre"
"Activar cambio de estado de la orden tras grabación","Activa canvi de estat de la ordre després de gravació"
"Activar enlace de seguimiento en el historial de compras del cliente","Activa enllaç de seguiment en el historial de compres del client"
"Activar la generación de archivos de log","Activar la generació de fitxers de log"
"Activar peso por defecto","Activa pes per defecte"
"Activar tracking automático","Activa tracking automátic"
"Actualizar configuración de usuario","Actualitzar configuració del usuari"
"Actualizar código cliente","Actualitzar codi de client"
"Actualizar código de cliente","Actualitzar codi de client"
"Actualizar datos del usuario","Actualitzar dades del usuari"
"Actualizar remitente","Actualitzar remitent"
"Actualizar remitente defecto","Actualitzar remitent defecte"
"Adhesiva","Adhesiva"
"Ahora tu cliente destinatario ya puede elegir cuando recibir sus compras si la franja horaria propuesta no le conviene","Ara el teu client destinatari ja pot triar quan rebre les seves compres si la franja horária proposta no li convé"
"AHÓRRALES ESPERAS","ESTALVIES ESPERES"
"AHÓRRALES ESPERAS CON LA ENTREGA FLEXIBLE","ESTALVIES ESPERES AMB LA ENTREGA FLEXIBLE"
"Ajustes","Ajustaments"
"Al activar el tracking automático de pedidos, la tienda consultará de forma periódica en que estado se encuentra el pedido y lo mostrará en la tabla de histórico en la administración de las ordenes.","En activar el tracking automátic de comandes, la botiga de consultar de forma periódica en quin estat es troba la comanda i el mostrar a la taula de históric en la administració de les ordres."
"Al activar esta opción, el pedido cambiará al estado seleccionado tras la grabación y obtención del número de envío.","En activar aquesta opció, la comanda canviará al estat  seleccionat després del enregistrament i obtenció del  número de enviament."
"Anterior","Anterior"
"Anulado cex","Anul·lat cex"
"Anulado cex <span class=count">(%s)</span>  ","Anul·lat cex <span class="count">(%s)</span>"
"Apartado de soporte para la descarga de informes de utilidad.","Apartat de suport per baixar informes de utilitat."
"Apartado en el que guardamos las credenciales facilitadas por Correos Express. En caso de no disponer de él, pongase en contacto con Correos Express.","Apartat en el qual guardem les credencials facilitades per Correos Express. En cas de no disposar-ne, poseu-vos en contacte amb Correos Express."
"Apartado en el que vincularemos los transportistas con nuestros productos. Solo apareceran los transportistas vinculados a la tienda en curso.","Apartat en el qual vincularem els transportistes amb els nostres productes. Només apareixeran els transportistes vinculats a la botiga en curs."
"aqui","aqui"
"aquí","aquí"
"Avisamos a tus clientes del estado de su envío, vía SMS.","Avisem als teus clients del estat del seu enviament, via SMS."
"Añadir códigos","Afegir codis"
"Añadir número de envío a la orden","Afegir nombre de enviament a la ordre"
"Añadir observaciones del cliente a la etiqueta","Afegir observacions del client a la etiqueta"
"Aún no eres cliente","Encara no ets client"
"Borrado","esborrat"
"Borrar código cliente","Esborrar codi de client"
"Borrar código de cliente","Esborrar codi de client"
"Borrar remitente","Esborrar remitent"
"Borrar","Esborrar"
"Borrará el envío de los registros de Correos Express","Esborrarà el enviament dels registres de Correos Express"
"Botón desde el que guardaremos el remitente creado.","Botó des del qual guardarem el remitent creat."
"Botón desde el que guardaremos los cambios del remitente.","Botó des del qual guardarem els canvis del remitent."
"Botón mediante el que grabaremos el envío y obtendremos la etiqueta.","Botó mitjançant el qual registrarem el enviament i obtindrem la etiqueta."
"Botón mediante el que guardaremos nuestro remitente por defecto.", "Botó mitjançant el qual guardarem el nostre remitent per defecte."
"Botón para cambiar el logo en las etiquetas.","Botó per canviar el logo a les etiquetes."
"Botón para grabar todas las ordenes seleccionadas.","Botó per gravar totes les ordres seleccionades."
"Botón para guardar nuestra configuración de usuario.","Botó per guardar la nostra configuració de usuari."
"Botón para imprimir el resumen todas los pedidos seleccionados.","Botó per imprimir el resum totes les comandes seleccionats."
"Botón para imprimir todas las etiquetas seleccionadas.","Botó per imprimir totes les etiquetes seleccionades."
"Bultos","Paquets"
"Bultos por defecto","Paquets per defecte"
"BULTOS","PAQUETS"
"Buscador","Cercador"
"Buscador de Oficinas","Cercador oficines"
"Buscador de Pedidos","Cercador de Comandes"
"Buscar  ","cercar"
"BUSCADOR OFICINAS","CERCADOR OFICINES"
"Buscar Envíos","Cercar Enviaments"
"Buscar oficina","Cercar oficine"
"Buscar oficinas","Cercar oficines"
"Buscar","Cercar"
"Buscar:","Cercar:"
"Cambiar Imagen","Canviar Imatge"
"Cambiar Logo de las Etiquetas","Canviar Logotip de les Etiquetes"
"Cambio de modalidad","Canvi de modalitat"
"Campo para indicar cualquier detalle de interés, sobre la entrega del pedido.","Camp per indicar qualsevol detall de interés, sobre el lliurament de la comanda."
"Campo para indicar cualquier detalle de interés, sobre la recogida del pedido.","Camp per indicar qualsevol detall de interés, sobre la recollida de la  comanda."
"Campos para establecer el número de bultos y los kilos del paquete respectivamente.","Camps per establir el nombre de embalums i els quilos del paquet respectivament."
"Cancelar","Cancel"
"Cantidad de bultos predeterminados para cada envío, este valor podrá ser modificado más adelante en el detalle del pedido.","Quantitat de paquets predeterminats per a cada enviament, aquest valor podrá ser modificat més endavant en el detall de la comanda."
"Cantidad de kilos predeterminados para cada envío, este valor podrá ser modificado más adelante en el detalle del pedido.","Quantitat de quilos predeterminats per a cada enviament, aquest valor podrá ser modificat més endavant en el detall de la comanda."
"Cargando...","Carregant..."
"Cerrar","Tancar"
"Cerrar el formulario, sin guardar.","Tancar el formulari, sense desar."
"CEX Ajustes","CEX Ajustaments"
"CEX Opciones","CEX Opcions"
"CEX Utilidades","CEX Utilitats"
"Ciudad","Ciutat"
"Click para seleccionar","Click per seleccionar"
"CLIENTE","CLIENT"
"Cod Oficina","Cod Oficina"
"Cod. Cli.","Cod. Cli."
"COD. OFICINA","COD. OFICINA"
"Codigo entregado por Correos Express. consta de 9 dígitos. En caso de no disponer de él pongase en contacto con Correos Express.  ","Codi lliurat per Correos Express, consta de 9 dígits. En cas de no disposar-ne, poseu-vos en contacte amb Correos Express."
"Codigo de referencia del envío.","Codi de referència del enviament."
"Comercial","Comercial"
"Configura tú módulo ","Configura el teu módul"
"Configuración","Configuració"
"Configuración de usuario de la tienda.","Configuració de usuari de la botiga."
"CONFIGURACIÓN DE USUARIO","CONFIGURACIÓ DE USUARI"
"Configuración de usuario, única para todas las tiendas.","Configuració de usuari, única per a totes les botigues."
"Confirma el borrado","Confirma el esborrat"
"Confirma la operación","Confirma la operació"
"Consentimiento del interesado","Consentiment del interessat"
"Contacto","Contacte"
"Contrareembolso","Contra reemborsament"
"Copiar datos remitente","Copiar dades remitent"
"Correo electrónico","Correu electrónic"
"Correos Express ofrece, en exclusiva y ","Correos Express ofereix, en exclusiva i "
"CORREOS EXPRESS S.L.","CORREOS EXPRESS S.L."
"Correos Express","Correos Express"
"CP","CP"
"Crear código de cliente","Crear codi de client"
"Crear remitente","Crear remitent"
"Credencial facilitada por Correos Express. En caso de no disponer de ella, pongase en contacto con Correos Express.","Credencial facilitada per Correos Express. En cas de no disposar-ne, poseu- vos en contacte amb Correos Express."
"Credenciales inválidas","Credencials invàlides"
"Credenciales inválidas, Consulte con su Comercial","Credencials invàlides, Consulti amb el seu Comercial"
"Credenciales correctas","Credencials correctes"
"Cuenta Conectada","Compte Connectada"
"Código AT","Codi AT"
"Código Cliente","Codi client"
"Código cliente","Codi client"
"Código cliente de facturación","Codi client de facturació"
"Código de cliente invalido","Codi de client invàlid"
"Código de cliente no válido","Codi de client no vàlid"
"Código de cliente que se asociará al remitente, no se puede cambiar de código asociado una vez se genere el remitente.","Codi de client que se associará al remitent, no es pot canviar de codi associat un cop es generi el remitent."
"Código de cliente actualizado con exito","Codi de client actualitzat amb èxit"
"Código de cliente sobre el que se graba el envío.","Codi de client sobre el qual es grava el enviament."
"Código de cliente ya existente","Codi de client ja existent"
"Código de Oficina: ","Codi de Oficina: "
"Código de referencia del envío.","Codi de referència del enviament."
"Código entregado por Correos Express, consta de 9 dígitos. En caso de no disponer de él, pongase en contacto con Correos Express.","Codi lliurat per Correos Express, consta de 9 dígits. En cas de no  disposar-ne, poseu-vos en contacte amb Correos Express."
"CÓDIGO ENVÍO","CODI ENVIAMENT"
"Código Postal","Codi postal"
"Código postal destino","Codi postal destí"
"Código postal recogida",Codi postal recollida"
"Código solicitante","Codi sol·licitant"
"Datos a mostrar en etiqueta","Dades a mostrar en etiqueta"
"Datos a mostrar en la etiqueta.","Dades a mostrar a la etiqueta."
"Datos de envío para la etiqueta","Dades de enviament per a la etiqueta"
"Datos del envío","Dades de enviament"
"Datos personales del remitente.","Dades personals del remitent."
"Debe guardar un remitente por defecto para grabar un envío.","Ha de guardar un remitent per defecte per gravar un enviament."
"Debe haber un mínimo de dos horas de diferencia.","Hi ha de haver un mínim de dues hores de diferencia."
"DEBE INTRODUCIR UNA REFERENCIA.","HA DE INTRODUIR UNA REFERÈNCIA.."
"Debe seleccionar al menos un elemento de la lista ","Heu de seleccionar almenys un element de la llista "
"Debe seleccionar al menos un envio de la lista","Heu de seleccionar al menys un enviament de la llista"
"Debe seleccionar al menos una orden","Heu de seleccionar al menys una ordre"
"Debe seleccionar algún producto para configurar los transportistas","Heu de seleccionar algun producte per configurar els transportistes"
"Debe seleccionar algún producto para continuar","Heu de seleccionar algun producte per continuar"
"Derechos del Interesado:","Drets del Interessat:"
"Descarga de informes de las bases de datos:","Descàrrega de informes de les bases de dades:"
"Descarga de informes para el soporte:  ","Descàrrega de informes per al suport:"
"Descarga de informes para la grabación del envió y/o recogida:","Descàrrega de informes per a el enregistrament del enviament i/o la recollida:"
"Descarga de informes:","Descàrrega de informes:"
"Descarga los últimos registros de la base de datos histórico, con la información de las últimas peticiones y respuestas del WS.","Descarrega els darrers registres de la base de dades històric, amb la informació de les últimes peticions i respostes del WS."
"Descarga los últimos registros de la base de datos histórico, saveships y migrations con la información de las últimas peticiones y respuestas del WS.","Descarrega els darrers registres de la base de dades històric, saveships i migrations amb la informació de les últimes peticions i respostes del WS."
"Descarga el log","Descarrega el log"
"Descargar","Descarregar"
"Descargar el log de la última ejecución del CRON.","Descarregar el log de la última execució del CRON."
"Descargar el log de la última petición al WS.","Descarregar el log de la última petició al WS."
"Descargar el log de la última respuesta del WS.","Descarregar el log de la última resposta del WS."
"Descargar la ultima peticion","Descarregar la darrera petició"
"Descargar los errores de actualizacion","Descarregar els errors de actualizacion"
"Descripción del error","Descripció del error"
"Descripción referencia(1)","Descripció referencia (1)"
"Descripción referencia(2)","Descripció referencia (2)"
"Desde","Des de"
"Desde:","Des de:"
"Desde aquí cerraremos la edición de nuestro código de cliente, sin guardar.","Des de aquí tancarem la edició del nostre codi de client, sense guardar."
"Desde aquí guardaremos nuestro código de cliente.","Des de aquí guardarem el nostre codi de client."
"Codigo entregado por Correos Express, consta de 9 dígitos. En caso de no disponer de él, pongase en contacto con Correos Express.","Codi lliurat per Correos Express, consta de 9 dígits. En cas de no disposar-ne, poseu-vos en contacte amb Correus Express."
"Des de(h:m)","Fins(h:m)"
"Desplegable con el listado de remitentes de la tienda en curso. Siempre vendrá seleccionado nuestro “Remitente por defecto”, pudiendo cambiarlo cuando se desee.","Desplegable amb el llistat de remitents de la botiga en curs. Sempre vindrá seleccionat nostre “Remitent per defecte”, podent canviar-lo quan es desitgi."
"Desplegable con las posiciones posibles para el tipo de etiqueta seleccionado.","Desplegable amb les posicions possibles per al tipus de etiqueta seleccionat."
"Desplegable con las posiciones posibles para el tipo de etiqueta seleccionado. Específico para la reimpresión de etiquetas","Desplegable amb les possibles posicions per al tipus de etiqueta seleccionat. Específic per a la reimpressió de etiquetes"
"Desplegable con las tiendas disponibles, deberemos seleccionar la tienda sobre la que queremos trabajar.","Desplegable amb les botigues disponibles, haurem de seleccionar la botiga  sobre la qual volem treballar."
"Desplegable mediante el que seleccionaremos el tipo de etiqueta que queramos obtener.","Desplegable mitjançant el qual seleccionarem el tipus de etiqueta que vulguem obtenir."
"Desplegable mediante el que seleccionaremos el tipo de etiqueta que queramos obtener. Específico para la reimpresión de etiquetas","Desplegable mitjançant el qual seleccionarem el tipus de etiqueta que vulguem obtenir. Específic per a la reimpressió de etiquetes"
"Destinatarios:","Destinataris:"
"Detalle del resultado de la búsqueda de pedidos.","Detall del resultat de la recerca de comandes."
"Devuelto cex","Retornat cex"
"Devuelto cex <span class=count">(%s)</span>  ","  Retornat cex <span class=count">(%s)</span>"
"Dirección","Direcció"
"Dirección de destino","Direcció de destí"
"DIRECCIÓN DESTINATARIO","DIRECCIÓ DESTINATARI"
"Dirección destino","Direcció destí"
"Dirección recogida","Direcció recollida"
"Déjanos tus datos y te llamamos con una oferta de servicios específica para ti.","Deixeu-nos les teves dades i et truquem amb una oferta de serveis específica per a tu."
"Editar Credenciales","Edita credencials"
"EDITAR","EDITAR"
"Ejecutar actualizaciones","Executar actualitzacions"
"El código %s no se ha podido crear","El codi %s no se ha pogut crear"
"El código %s se ha agregado correctamente","El codi %s se ha afegit correctament"
"El código de cliente %s no ha sido actualizado","El codi de client %s no ha estat actualitzat"
"El código de cliente %s se ha actualizado correctamente","El codi de client %s se ha actualitzat correctament"
"El código de cliente debe tener 9 digitos","El codi de client ha de tenir 9 digits"
"El código de cliente ha sido borrado con éxito","El codi de client ha estat esborrat amb èxit"
"El código de cliente y los remitentes asociados han sido borrados correctamente","El codi de client i els remitents associats han estat esborrat correctament"
"El código de cliente y sus remitentes asignados han sido borrados con éxito","El codi de client i els seus remitents assignats han estat esborrats amb èxit"
"El remitente ha sido creado con exito","El remitent ha estat creat amb èxit"
"El código no podido ser borrado","El codi no ha pogut ser esborrat"
"El envío ","El enviament "
"El envío ha sido borrado correctamente","El enviament ha estat esborrat correctament"
"El logo es demasiado grande, debe ser menor de 400 kB","El logo és massa gran, ha de ser menor de 400 kB"
"El número de dígitos no corresponden con ningún Código Cliente","El nombre de dígits no corresponen amb cap Codi Client"
"El producto CEX seleccionado no permite entrega los sábados.","El producte CEX seleccionat no permet entregar els dissabtes."
"El remitente %s no se ha podido crear","El remitent %s no se ha pogut crear"
"El remitente %s se ha agregado correctamente","El remitent %s se ha afegit correctament"
"El remitente ha sido borrado correctamente","El remitent ha estat esborrat correctament"
"El remitente ha sido borrado correctamente. Ahora no tiene remitentes por defecto","El remitent ha estat esborrat correctament. Ara no té remitents per defecte"
"El remitente no ha podido ser borrado","El remitent no ha pogut ser esborrat"
"El remitente por defecto no es válido","El remitent per defecte no és vàlid"
"El remitente por defecto se ha actualizado correctamente","El remitent per defecte se ha actualitzat correctament"
", el servicio de entrega en oficina de Correos.",", el servei de lliurament en oficina de Correos."
"El tiempo seleccionado determina con que frecuencia se actualizan los estados de los pedidos.","El temps seleccionat determina amb quina freqüència se actualitzen els estats de les comandes."
"ELIMINA INCERTIDUMBRE.","ELIMINA INCERTESA."
"Eliminar Imagen","Eliminar imatge"
"Eliminar seguimiento.","Eliminar seguiment."
"Email","E-mail"
"Email destinatario","Email destinatari"
"Email remitente","E-mail remitent"
"email@email.com  ","email@email.com"
"En curso cex","En curs cex"
"En curso cex <span class=count">(%s)</span>  ","En curs cex <span class=count">(%s)</span>"
"En esta sección se pueden descargar los informes para el soporte con Correos Express.","En aquesta secció es poden descarregar els informes per al suport amb Corres Express."
"En este formulario nos encargamos de configurar el CRON, el cual se encarga de modificar el estado del pedido automáticamente cuando se cumplan las condiciones dadas.","En aquest formulari ens encarreguem de configurar el CRON, el qual  se encarrega de modificar el estat de la comanda automáticament quan es  compleixin les condicions donades."
"En este formulario se relacionan los transportistas con los productos de Correos Express contratados.","En aquest formulari es relacionen els transportistes amb els productes de Correos Express contractats."
"EN ESTOS MOMENTOS NO SE HA PODIDO CURSAR LA PETICIÓN","EN AQUESTS MOMENTS NO SE HA POGUT CURSAR LA PETICIÓ"
"Encargados del tratamiento.","Encarregats del tractament."
"ENLACE","ENLLAÇ"
"Enlace al pedido que ha provocado el error, si procede(ERROR GENERAL en caso de error genérico)","Enllaç a la comanda que ha provocat el error, si escau (ERROR GENERAL en cas de error genèric)"
"Enlace que abrirá la página de seguimiento de pedido de Correos Express","Enllaç que obre la pàgina de seguiment de comanda de Correos Express"
"ENTREGA CUANTO ANTES.","LLIURAMENT QUANT ABANS."
"ENTREGA EN OFICINA DE CORREOS","LLIURAMENT EN OFICINA DE CORREOS"
"Entrega en oficinas de correos","Lliurament en oficines de correos"
"Entrega sábado","Lliurament dissabte"
"Entregado cex","Entregat cex"
"Entregado cex <span class=count">(%s)</span>  ","Entregat cex <span class=count">(%s)</span>"
"ENVIAR","ENVIAR"
"Envio","Envio"
"Envío","Envío"
"Envíos con origen y/o destino Portugal","Enviaments amb origen i/o destinació Portugal"
"Error [PSDBE] al guardar el envío, referencia duplicada en la BD [SAVED]. Cambie la referencia y vuelva a intentarlo ","Error [PSDBE] en desar el enviament, referencia duplicada a la BD  [SAVED]. Canviar la referencia i torni a intentar-ho"
"Error [PSDBE] al guardar el envío, referencia duplicada en la BD [SAVED]. Cambie la referencia y vuelva a intentarlo ","Error [PSDBE] en desar el enviament, referencia duplicada a la BD  [SAVED]. Canviar la referencia i torni a intentar-ho"
"Error de Código de Cliente","Error de Codi de Client"
"Error de selección","Error de selecció"
"Error en la respuesta. Vuelva a intentarlo más tarde","Error en la resposta. Torneu-ho a provar més tard"
"ERROR GENERAL","ERROR GENERAL"
"Error Http: ","Error Http: "
"Error no hay guardado ningún remitente por defecto","Error no hi ha guardat cap remitent per defecte"
"Error Validar Credenciales","Error validar Credencials"
"Errores en la impresión de la etiqueta","Errors a la impressió de la etiqueta"
"Es una devolución","És una devolució"
"España","Espanya"
"Esta opción activa/desactiva el seguimiento de los pedidos","Aquesta opció activa / desactiva el seguiment de les comandes."
"Esta opción determina si cuando el pedido se actualiza a medida que pasa por los diferentes estados de seguimiento","Aquesta opció determina si quan la comanda se actualitza a mesura que  passa pels diferents estats de seguiment"
"Esta opción permite activar el enlace de seguimiento, en la sección pedidos.","Aquesta opció permet activar el enllaç de seguiment, en la secció comandes."
"Esta opción permite añadir número de envío a la orden.","Aquesta opció permet afegir nombre de enviament a la ordre."
"Esta opción permite añadir observaciones del cliente a la etiqueta.","Aquesta opció permet afegir observacions de client a la etiqueta."
"Esta orden tiene un trasportista asignado que no corresponde con ninguna modalidad de envío de CorreosExpress.","Aquesta ordre té un trasportista assignat que no correspon amb cap modalitat de Ordre enviament de CorreosExpress."
"ESTADO","STAT"
"Estado","Stat"
"Estado Anulado","Estat anul·lat"
"Estado del pedido tras la grabación","Estat de la comanda després de el enregistrament"
"Estado Devuelto","Estat retornat"
"Estado en curso","Estat en curs"
"Estado Entregado","Estat lliurat"
"Estados:","Stats:"
"Este apartado nos permitirá configurar los cambios de estado automáticos para nuestros pedidos, único para todas las tiendas.","Aquest apartat ens permetrà configurar els canvis de estat automàtics per als nostres comandes, únic per a totes les botigues."
"Este es la sección de configuración para módulo de correos express. Es la parte mas importante de nuestro módulo y su correcto funcionamiento depende de ella.","Aquest és la secció de configuració per módul de correos express. és la part més important del nostre módul i el seu correcte funcionament depén de ella."
"Exportar a csv","Exporta a csv"
"Exportar a excel","Exporta a excel"
"Exportar a pdf","Exporta a pdf"
"Facturacion","Facturació"
"Facturación","Facturació"
"Fecha","Data"
"FECHA","DATA"
"FECHA CREACIÓN","DATA CREACIÓ"
"Fecha de grabación","Data de enregistrament"
"Fecha de Recogida","Data de Recollida"
"Fecha marcada para la entrega del pedido.","Data marcada per al lliurament de la comanda."
"Fecha sobre la que realizaremos la búsqueda de pedidos.","Data sobre la qual realitzarem la recerca de comandes."
"Filtro mediante el que realizar la búsqueda de nuestros pedidos.","Filtre mitjançant el qual fer la cerca dels nostres comandes."
"Finalidad:","Finalitat:"
"Formato Inválido (JPG/PNG)","Format Invàlid (JPG/PNG)"
"Generación de resumen de pedidos","Generació de resum de comandes"
"Generar Envíos","Generar Enviaments"
"Gestiona los errores de tu pedido","Gestiona els errors de la teva comanda"
"GESTIONAR CÓDIGOS DE CLIENTE","GESTIONAR CODIS DE CLIENT"
"Gestión de código de cliente, un código activo por tienda. El código de cliente activo se determina mediante el Remitente por defecto de cada tienda.","Gestió de codi de client, un codi actiu per botiga. El codi de client actiu es determina mitjançant el Remitent per defecte de cada botiga."
"Gestión de remitentes, podrás tener todos los que quieras. Cada tienda tendrá solo uno activo, que se determinará con el Remitente por defecto.","Gestió de remitents, podràs tenir tots els que vulguis. Cada botiga tindrà només un actiu, que es determinarà amb el remitent per defecte."
"Gestión de remitentes, podrás tener todos los que quieras. La tienda tendrá solo uno activo, que se determinará con el Remitente por defecto.","Gestió de remitents, podrás tenir tots els que vulguis. La  botiga tindrá només un actiu, que es determinará amb el “Remitent per defecte”."
"Grabación masiva de pedidos","Enregistrament massiva de comandes"
"Grabar Envío","Gravar Enviament"
"Grabar Recogida","Gravar Recollida"
"Guardar","Gravar"
"Guardar configuración Cron","Desar configuració Cron"
"Guardar configuración de usuario","Desa la configuració de usuari"
"Guardar configuración del cron","Desar configuració Cron"
"Guardar Credenciales de usuario","Desar Credencials de usuari"
"Guardar credenciales","Desar Credencials"
"Guardar datos de cliente","Desar dades de client"
"Guardar Producto","Desar Producte"
"Guardar productos","Desar productes"
"Guardar relaciones de transportistas","Desar relacions de transportistes"
"Guardar remitente defecto","Desar remitent defecte"
"Guardar Remitente por defecto","Guardar Remitent per defecte"
"Guardar Transportistas","Desar transportistes"
"Guardar zonas de envío y transportistas","Desar zones de enviament i transportistes"
"Guardaremos la configuración de nuestro Cron.","Guardarem la configuració del nostre Cron."
"Guardaremos la configuración de transportistas para utilizarlos en nuestra tienda.","Guardarem la configuració de transportistes per utilitzar-los en la  nostra botiga."
"Guardaremos los productos seleccionados, para posteriormente asignarlos a los transportistas.","Desarem els productes seleccionats, per posteriorment assignar-los als transportistes."
"Guarde sus credenciales en un lugar seguro","Guardeu les seves credencials en un lloc segur"
"ha sido borrado correctamente"," ha estat esborrat correctament"
"Hacer click para ver el manual de esta sección","Seleccionar per veure el manual de aquesta sección"
"Han habido errores durante la Grabación","Hi ha hagut errors durant el enregistrament"
"Han habido errores durante la reimpresión","Hi ha hagut errors durant la reimpressió"
"Hasta","Fins"
"Hasta(h:m)","Fins(h:m)"
"Hasta:","Fins:"
"HAZLES LA VIDA FÁCIL.","FES-LOS LA VIDA FÁCIL."
"He leído y acepto la ","He llegit i accepto la "
"política de privacidad, ","política de privacitat, "
"la ","la "
"política de protección de datos ","política de protecció de dades "
"y el ","i el "
"Detalle legal del formulario.","Detall legal del formulari."
"Histórico de envios","Històric de envios"
"Histórico Envío Correos Express","Històric Enviament Correos Express"
"Hola,<br/>¿Eres cliente<br/> de <span class='CEX-text-blue'>Correos</span> <span class='CEX-text-blue'>Express</span>?","Hola, <br/> Ets client <br/> de <span class = 'CEX-text-blue'> Correos </ span> <span class = 'CEX-text-red'> Express </ span>?"
"Hora","Hora"
"HORA ANTERIOR A LA ACTUAL.","HORA ANTERIOR A LA ACTUAL."
"Hora desde la que está disponible para la recogida.","Hora des de la qual está disponible per a la recollida."
"Hora hasta la que está disponible para la recogida.","Hora fins a la qual está disponible per a la recollida."
"Hora Recogida desde","Hora Recollida des"
"Hora Recogida hasta","Hora Recollida fins"
"Horario en el que se realizará la recogida","Horari en qué es realitzará la recollida"
"ID","ID"
"ID Entidad","ID Entitat"
"ID Incremental","ID Incremental"
"ID ORDEN","ID ORDRE"
"Identificador","Identificador"
"Imagen logo demasiado grande","Imatge logo massa gran"
"Imprimir Etiquetas","Imprimir Etiquetes"
"Imprimir resumen","Imprimir resum"
"Información básica sobre protección de datos","Informació básica sobre protecció de dades"
"Información extra sobre el pedido.","Informació extra sobre la comanda."
"Información legal pertinente a mostrar","Informació legal pertinent a mostrar"
"Inicio","Inici"
"Intercambiar los datos con los del destinatario","Intercanviar les dades amb les del destinatari"
"Intercambiar los datos con los del remitente","Intercanviar les dades amb les del remitent"
"Intervalo de horas para la recogida.","Interval de hores per a la recollida."
"Introduzca datos de Búsqueda.","Introduïu dades de Cerca."
"IR AL PEDIDO ", "ANAR A LA COMANDA "
"KG por defecto","KG per defecte"
"KG","KG"
"Kilos","Quilos"
"La configuración se ha actualizado con éxito","La configuració se ha actualitzat amb èxit"
"La entrega en sábados solo está disponible si se utiliza el PAQ 14 ¿Quieres cambiar la modalidad de envío a PAQ 14?","El lliurament en Dissabtes només está disponible si se utilitza el PAQ 14 Vols canviar la modalitat de enviament a PAQ 14?"
"La información de los clientes de la etiqueta se obtiene de una de las dos direcciones de una orden","La informació dels clients de la etiqueta se obté de una de les dues direccions de una ordre"
"La Orden no pertenece a un transportista CEX","La Ordre no pertany a un transportista CEX"
"La petición con referencia: ","La petició amb referència: "
"La petición de envio ","La petició de enviament "
"La petición de envio se ha cursado con exito: ","La petició de enviament se ha cursat amb èxit: "
"La petición de envio se ha cursado con éxito:","La petició de enviament se ha cursat amb èxit: "
"La petición de recogida ","La petició de recollida "
"La petición de recogida se ha cursado con exito: ","La petició de recollida se ha cursat amb èxit: "
"La petición de recogida se ha cursado con éxito:","La petició de recollida se ha cursat amb èxit: "
"LA PETICIÓN HA SIDO CURSADA","LA PETICIÓ HA SE HA ESTAT CURSADA"
"La recogida será Automática ","La recollida serà Automàtica "
"La recogida será automática","La recollida serà Automàtica "
"La relación entre ambos es 1:1, es decir un transportista esta asociado a un producto. Si se cambia el producto asociado a un transportista, se modificará todo el histórico de pedidos relacionado con él.","La relació entre tots dos és 1:1, és a dir un transportista aquesta associat a un producte. Si es canvia el producte associat a un transportista, es modificará tot el históric de  comandes relacionat amb ell."
"Las Credenciales se han actualizado con éxito","Les Credencials se han actualitzat amb èxit"
"Las credenciales son correctas","Les credencials són correctes"
"Las credenciales son incorrectas","Les credencials són incorrectes"
"Las mejores soluciones de transporte urgente para tus clientes online","Les millors solucions de transport urgent per als teus clients en línia"
"Las zonas se listan por ","Les zones es llisten per "
"Las zonas se listan por <strong>orden de preferencia de uso.</strong>","Les zones es llisten per <strong> ordre de preferéncia de ús. </strong>"
"Legitimación:","Legitimació:"
"Links de descarga","Links de descàrrega."
"Listado de los productos que tiene a su disposición Correos Express. Una selección de productos por tienda.","Llistat dels productes que té a la seva disposició Correos Express. Una selecció de productes per botiga."
"Listado de los productos que tiene a su disposición Correos Express.","Llistat dels productes que té a la seva disposició Correos Express."
"Listado de los productos que tiene a su disposición Correos Express. Marque únicamente los productos pactados con su comercial. Si se selecciona algún producto no contratado, se producirá un error al grabar el envío.","Llistat dels productes que té a la seva disposició Correos  Express. Marqueu únicament els productes pactats amb el seu comercial. Si se selecciona algun producte no contractat, es produirá un error al gravar el enviament."
"Listado de productos seleccionados en la sección Productos Cex.","Llistat de productes seleccionats a la secció Productes Cex."
"Localización inmediata del destinatario en caso de ausencia.","Localització immediata del destinatari, en cas de abséncia"
"Los campos con ","Els camps amb "
"Los datos de %s no ha sido actualizado","Les dades de %s no han estat actualitzat"
"Los datos de %s se han actualizado correctamente","Les dades de %s se han actualitzat correctament"
"Los datos no han sido modificados","Les dades no han estat modificats"
"Los datos no se han actualizado","Les dades no se han actualitzat"
"Los datos se han actualizado correctamente","Les dades se han actualitzat correctament"
"Los envíos a Portugal solo están disponibles si se utiliza el PAQ 24 ¿Quieres cambiar la modalidad de envío a PAQ 24?","Els envíos a Portugal estan disponibles si es pot utilitzar el PAQ 24. Canviar la modalitat de enviar un PAQ 24?"
"Los productos no se han actualizado","Els productes no se han actualitzat"
"Los productos se han actualizado correctamente","Els productes se han actualitzat correctament"
"Los transportistas/métodos de envío son aquellos configurados en la sección Tranporte de Magento. Se debería crear un transportista para cada producto contratado, ya que un transportista solo puede tener asignado un producto.","Els transportistes / mètodes de enviament són aquells configurats a la secció Tranport de Magento. Se hauria de crear un transportista per a cada producte contractat, ja que un transportista només pot tenir assignat un producte"
"Los transportistas/métodos de envío son aquellos configurados por Magento. ", "Els transportistes / mètodes de enviament són aquells configurats per Magento."
"Método de pago contrareembolso","Métode de pagament contra reemborsament"
"Manual Edición Código Cliente",""Instruccions Edició Codi Client"
"Manual Edición Remitente","Manual Edició Remitent"
"Manual interactivo","Manual interactiu"
"Manual interactivo Grabación del pedido","Manual interactiu Enregistrament de la comanda"
"Manual interactivo Grabación masiva","Instruccions interactiu Enregistrament massiva"
"Manual interactivo Reimpresión","Manual interactiu Reimpressió"
"Manual interactivo Resumen pedidos","Instruccions interactiu Resum comandes"
"Medio Folio","Medi Foli"
"MENSAJE","MISSATGE"
". Mensaje-> ",". Missatge-> "
"MINIMIZA LAS INCIDENCIAS.","MINIMITZA LES INCIDÉNCIES."
"Minutos","Minuts"
"Modalidad cambiada a PAQ 14","Modalitat canviada a PAQ 14"
"Modalidad de envío","Modalitat de enviament"
"Modificada relación","Modificada relació"
"Modificada relación transportista, se asigna PAQ 24","Modificada relació transportista, se assigna PAQ 24"
"Modificados productos configurados, se asigna y añade PAQ 24","Modificats productes configurats, es reserva i afegeix PAQ 24"
"Mostrando registros del 0 al 0 de un total de 0 registros","Mostrant de 0 a 0 de 0 registres"
"Mostrando registros del _START_ al _END_ de un total de _TOTAL_ registros","Mostrant de _START_ a _END_ de _TOTAL_ registres"
"Mostrar _MENU_ registros","Mostra _MENU_ registres"
"Mostrar/Ocultar columnas","Mostra / Amaga columnes"
"Método de pago contrareembolso","Métode de pagament contra reemborsament"
"MÉTODO ENVÍO - PRODUCTO","MÈTODE ENVIAMENT - PRODUCTE"
"Móvil","Móbil"
"N. ENVÍO","N. ENVIAMENT"
"Necesitas seleccionar una oficina para completar el pedido","Necessites seleccionar una oficina per completar la comanda"
"Necesitas tener códigos de remitente","Necessites tenir codis de remitent"
"Ninguno","Cap"
"Ningún dato disponible en esta tabla","Cap dada disponible en aquesta taula"
"No configurado","No configurat"
"No corresponde a productos CEX","No correspon a productes CEX"
"No es una referencia Guardada en Base de Datos"," No és una referència Desada a Base de Dade"
"No hay códigos de cliente disponibles","No hi ha codis de client disponibles"
"No hay etiquetas","No hi ha etiquetes"
"No hay métodos mapeados","No hi ha métodes mapejats"
"No hay productos CEX activos","No hi ha productes CEX actius"
"No hay remitentes dados de alta","No hi ha remitents donats de alta"
"No hay resultados para la búsqueda","No hi ha resultats per a la recerca"
"No se encontraron resultados","No se han trobat registres."
"No se ha indicado el número de bultos de la orden ","No se ha indicat el nombre de embalums de la ordre "
"No se ha podido establecer el remitente por defecto","No se ha pogut establir el remitent per defecte"
"No se ha podido guardar el remitente por defecto","No se ha pogut desar el remitent per defecte"
"No se puede utilizar el servicio de contrareembolso con la opcion entrega en oficina activada","No es pot utilitzar el servei de contra reemborsament amb la opció lliurament en oficina activada"
"No se puede utilizar el servicio entrega en oficina con la opcion de contrareembolso activada","No es pot utilitzar el servei lliurament en oficina amb la opció de contra reemborsament activada"
"NO TIENES ACCESO A ESTA SECCIÓN","NO TENS ACCÉS A AQUESTA SECCIÓ"
"No tienes productos para enviar los sábados.","No tens productes per enviar els dissabtes."
"NOMBRE","NOM"
"Nombre","Nom"
"Nombre:","Nom:"
"NOMBRE DESTINATARIO","NOM DESTINATARI"
"Nombre destinatario","Nom Destinatari"
"Nombre remitente","Nom remitent"
"NÚMERO DE BULTOS NO PERMITIDO","NUMERO DE EMBALUMS NO PERMÉS"
"Número de bultos no permitido","Nombre de embalums no permés"
"Número de bultos por defecto","N. de embalums per defecte"
"Número de orden del pedido que ha provocado el error de reimpresión, si procede (000 en caso de error genérico)","Número de ordre de la comanda que ha provocat el error de reimpressió, si escau (000 en cas de error genèric)"
"Observaciones entrega","Observacions lliurament"
"Observaciones recogida","Observacions recollida"
"Oficina","Oficine"
"Oficina para la entrega","Oficine per al lliurament"
"Oficina seleccionada","Oficine seleccionada"
"OPCIONES CRON","OPCIONS CRON"
"orden de preferencia de uso.","ordre de preferéncia de ús."
"Ordenes","ordres"
"Orden:","ordre:"
"Orden: Extra","ordre: Extra"
"Orden: Otras zonas","Ordre: Altres zones"
"Pago contrarrembolso", "pagament contra reemborsament"
"Pagos por cheque","Pagaments per xec"
"Pagos por transferencia bancaria","Pagaments per transferéncia bancária"
"Para guardar los datos del remitente, primero hay que añadir un código de cliente.","Per guardar les dades del remitent, primer cal afegir un codi de client."
"PARA LA ENTREGA EN OFICINA ES NECESARIO INTRODUCIR EL TELÉFONO MÓVIL","PER A LA ENTREGA EN OFICINA CAL INTRODUIR EL TELÉFON MÓBIL"
"Para poder realizar el pedido es necesario seleccionar una oficina","Per poder realitzar la comanda és necessari seleccionar una oficina"
"Password","Contrasenya"
"País","País"
"País de destino del pedido, el CP del destinatario debe pertenecer al país seleccionado.","País de destinació de la comanda, el CP del destinatari ha de  pertányer al país seleccionat."
"País destino","País destinació"
"País recogida","País recollida"
"Pedido GRABADO","Comanda GRAVAT"
"Persona contacto","Persona contacte"
"Peso por defecto ","Pes per defecte "
"Peso","Pes"
"Población","Població"
"Población destino","Població destí"
"Población recogida","Població recollida"
"Porque hay cosas que no pueden esperar, entregamos tu pedido en sábado.","Perqué hi ha coses que no poden esperar, vam lliurar la teva comanda  en dissabte."
"Portugal","Portugal"
"Posición de etiqueta","Posició de etiqueta"
"Posición de la etiqueta","Posició de la etiqueta"
"Primero","Primer"
"Procesando...","Processant..."
"Product","Product"
"PRODUCTO CEX","PRODUCTE CEX"
"PRODUCTOS CEX","PRODUCTES CEX"
"Quitar remitente de las etiquetas","Treure remitent de les etiquetes"
"Recogida Desde  ","Hora Recollida des "
"Recogida desde","Hora Recollida des"
"REF ENVÍO","REF ENVIAMENT"
"Ref.Pedido","Ref. Comanda"
"REFERENCIA","REFERÈNCIA"
"Referencia de envío","Referéncia de enviament"
"Referencias para las ordenes","Referències per a les ordres"
"Registro Envío Correos Express","Registre Enviament Correos Express"
"REGÁLALES TRANQUILIDAD.","REGÀLALS TRANQUIL·LITAT"
"Reimpresión de etiquetas","Reimpressió de etiquetes"
"Reimprimir","Reimprimir"
"Reimprimirá las etiquetas del envío de esa fila de la tabla con el tipo y posicion determinado en los desplegables inferiores","Reimprimirà les etiquetes del enviament de aquesta fila de la taula amb el tipus i posició determinat als desplegables inferiors"
"Reimprimirá las etiquetas que se hayan seleccionado en la tabla de grabaciones del tipo seleccionado en los desplegables","Imprimir les etiquetes que se hagin seleccionat a la taula de enregistraments del tipus seleccionat als desplegables"
"Reiniciaremos el formulario.","Reiniciarem el formulari."
"RELACIONAR ZONAS DE ENVÍO Y TRANSPORTISTAS","RELACIONAR ZONES DE LLIURAMENT I TRANSPORTISTES"
"Remitente por defecto","Remitent per defecte"
"Remitente actualizado con exito","Remitent actualitzat amb èxit"
"REMITENTE: CP NO ENCONTRADO","REMITENT: CP NO TROBAT"
"REMITENTES","REMITENTS"
"Remitentes","Remitents"
"Responsable:","Cap:"
"Respuesta WS","Resposta WS"
"Resto de campos con información del destinatario.","Resta de camps amb informació del destinatari."
"Resto de campos con información del remitente.","Resta de camps amb informació del remitent."
"se ha cursado con exito: "," se ha cursat amb èxit: "
"se ha encontrado un error en los datos","se ha trobat un error en les dades"
"Sección de datos referente al destinatario.","Secció de dades referent al destinatari."
"Sección de datos referente al remitente.","Secció de dades referent al remitent."
"Seguimiento","seguiment"
"Selecciona la fecha de la que quieres imprimir el resumen de pedidos","Selecciona la data de la qual vols imprimir el resum de comandes"
"Selecciona la fecha de la que quieres ver los pedidos","Selecciona la data de la qual vols veure les comandes"
"Selecciona la oficina para entrega","Selecciona la oficina per a lliurament"
"Selecciona un estado","Selecciona un estat"
"Seleccionable de los productos activos seleccionados en la configuración por usted.","Seleccionable dels productes actius seleccionats en la configuració per vosté."
"Seleccionar","Seleccionar"
"Seleccionar remitente por defecto","Seleccionar remitent per defecte "
"Seleccionar todos","Seleccionar tots"
"Seleccionaremos todos los pedidos de la tabla.","Seleccionarem totes les comandes de la taula."
"Seleccione el método de pago contra reembolso en caso de que se utilice esta modalidad en caso contrario seleccione Ninguno.","Seleccioneu el métode de pagament contra reemborsament en cas que se utilitzi aquesta modalitat en cas contrari seleccioneu Cap."
"Seleccione el tipo de ejecución del cambio de estados","Seleccioneu el tipus de execució del canvi de estats"
"Seleccione el tipo de Etiqueta","Seleccioneu el tipus de Etiqueta"
"Seleccione la posición de la Etiqueta","Seleccioneu la posició de la Etiqueta"
"Seleccione un país","Seleccioneu un país"
"Seleccione un remitente","Seleccioneu un remitent"
"Seleccione una dirección de destino","Seleccioneu una adreça de destinació"
"Seleccione una modalidad de envío","Seleccioneu una modalitat de enviament"
"Selección de Etiquetas para la reimpresión.  Específico para la reimpresión de etiquetas", "Selecció de etiquetes per a la reimpressió. Específic per a la reimpressió de etiquetes"
"Selección del remitente por defecto, irá asociado a la tienda en la que se encuentre y solo a ella. Este será el remitente que utilizará la tienda en los pedidos. Es un campo obligatorio.","Selecció del remitent per defecte, anirá associat a la botiga en la qual es trobi i només a ella. Aquest será el remitent que utilitzará la botiga en les comandes. és un camp  obligatori."
"Servicio Especializados en tus compradores Online","Servei Especialitzats en els teus compradors Online"
"SERVICIO GRATUITO INCLUIDO EN EL PAQ 24H","SERVEI GRATUÏT INCLÒS AL PAQ 24H"
"Servicio gratuito incluido en tu envío PAQ24H","Servei gratuït inclòs en el teu enviament PAQ24H"
"Si el pedido está asegurado, aquí se introducirá el importe del mismo.","Si la comanda està assegurada, aquí se no introduirà el import."
"Si hay varias zonas con un valor de 0 en el orden, el orden de preferencia es de arriba a abajo.","Si hi ha diverses zones amb un valor de 0 en la ordre, la ordre de  preferéncia és de dalt a baix."
"Si marca esta opción, las etiquetas se generarán con un remitente alternativo.","Marcant aquesta opció, les etiquetes es generaran amb un remitent alternatiu."
"Si marca esta opción, las etiquetas se generarán sin remitente.","Marcant aquesta opció, les etiquetes es generaran sense remitent."
"Si no están en casa, contactamos con ellos para una segunda entrega. Gestión proactiva de incidencias.","Si no són a casa, vam contactar amb ells per un segon lliurament. Gestió proactiva de incidéncies."
"Si se activa, actualizará el estado de la orden en función del CRON y la selección de estados realizada.","Si se activa, actualitzará el estat de la ordre en funció del  CRON i la selecció de estats realitzada."
"Si selecciona esta opción, se generarán los archivos de log del cron y se añadirá una pestaña de soporte","Si seleccioneu aquesta opció, es generaran els fitxers de log del cron i se afegirà una pestanya de suport"
"Siguiente","Següent"
"sin coste adicional","sense cost addicional"
"SKU","SKU"
"Solo seleccionar esta opción en caso de necesitar envío con recogida.","Només seleccionar aquesta opció en cas de necessitar enviament amb recollida."
"son requeridos."," són requerits."
"SOPORTE","SUPORT"
"Soporte Rápido","Suport Ràpid"
"Soy Nuevo, ¡Llamadme!","Sóc Nou, ¡Cridar-!"
"Su selección permite la reimpresión de las etiquetas de ese envío al pulsar el botón Reimprimir","La vostra selecció permet la reimpressió de les etiquetes de aquest enviament en prémer el botó Reimprimir"
"Suba una imagen para el logo por favor","Pugeu una imatge per al logo si us plau"
"Suba una imagen válida por favor (jpg, gif, png) y menor de 400kB","Pugi una imatge vàlida per favor (jpg, gif, png) i menor de 400KB"
"Subir Imagen ","Pujar Imatge "
"Subtotal","Subtotal"
"Sí, configurar mi módulo","Sí, configurar el meu módul"
"Tabla de errores de reimpresión, tanto a nivel de petición como a nivel de etiqueta","Taula de errors de reimpressió, tant pel que fa a petició com a nivell de etiqueta"
"Tabla en la que podremos consultar el histórico del pedido.","Taula en la qual podrem consultar el históric de la comanda."
"Tabla en la que se nos muestran nuestros codigos de cliente, asi como los botones de borrado y modificación del mismo.","Taula en la qual séns mostren els nostres codis de client, així com els botons de esborrat i modificació de la mateixa."
"Tabla en la que se nos muestran nuestros códigos de cliente, asi como los botones de borrado y modificación del mismo.","Taula en la qual séns mostren els nostres codis de client, així com els botons de esborrat i modificació de la mateixa."
"Tabla que muestra todos los remitentes creados para la tienda en curso.","Taula que mostra tots els remitents creats per a la botiga en curs."
"tarea cex","tasca cex"
"Teléfono","Teléfon"
"Teléfono de contacto *","Teléfon de contacte *"
"Teléfono destinatario","Telèfon destinatari"
"Teléfono fijo","Telèfon fix"
"Teléfono remitente","Telèfon remitent"
"Termica","Termica"
"Texto Alternativo","Text Alternatiu"
"Tfn. Fijo","Tfn. Fix"
"Tfn. Móvil","Tfn. Móbil"
"Tiempo de Actualización de los Estados",""Temps de Actualització dels Estats"
"Tipo","Tipus"
"Tipo de ejecución del cron","Tipus de execució de cron"
"Tipo de etiqueta","Tipus de etiqueta"
"Tipo de etiqueta por defecto","Tipus de etiqueta per defecte"
"Total","Total"
"Transportistas","Transportistes"
"Transportistas Advanced Free Shipping","Transportistes Advanced Free Shipping"
"Térmica","Térmica"
"URL del web service de envío.","URL del web service de enviament."
"URL del web service de recogida.",""URL del web service de recollida."
"URL del web service de seguimiento de envío.","URL del web service de seguiment de enviament."
"URL Web Service (envío)","URL Web Service (enviament)"
"URL Web Service (recogida)",URL Web Service (recollida)"
"URL Web Service (seguimiento)","URL Web Service (seguiment)"
"Usuario","Usuari"
"Usuario:","Usuari:"
"Utilidad mediante la que grabaremos nuestros pedidos de forma masiva.","Utilitat mitjançant la qual gravarem les nostres comandes de forma massiva."
"Utilidad mediante la que imprimiremos el resumen de nuestros pedidos.","Utilitat mitjançant la qual imprimirem el resum dels nostres comandes."
"Utilidad mediante la que reimprimiremos cualquier etiqueta generada previamente.","Utilitat mitjançant la qual reimprimiremos qualsevol etiqueta generada préviament."
"Utilidad que nos permite cobrar un importe contrareembolso.","Utilitat que ens permet cobrar un import contra reemborsament."
"Utilidad que nos permite copiar los datos del remitente al destinatario, en caso de que sea una devolución.","Utilitat que ens permet copiar les dades del remitent al destinatari, en cas que sigui una devolució."
"Utilidad que nos permite rellenar automáticamente la sección remitente con los datos del remitente seleccionado en el apartado inferior.","Utilitat que ens permet omplir automáticament la secció remitent amb les dades del remitent seleccionat en el apartat inferior."
"Utilidades","Utilitats"
"VACÍO","BUIT"
"Validar Credenciales","validar Credencials"
"Valor a cobrar por el método contrareembolso.","Valor a cobrar pel métode contra reemborsament."
"Valor asegurado","Valor assegurat"
"Valor contrareembolso","Valor contra reemborsament"
"Ya puede hacer seguimiento de su pedido con referencia ","Ja pot fer seguiment de la seva comanda amb referéncia "
"Zona:","Zone:"
"Zona: Otras zonas","Zone: Altres zones"
"¡Sin compromiso!","¡Sense compromís!"
"¿Borrar datos?","¿Esborrar dades?"
"¿Eres cliente?","¿Ets client?"
"¿Estas seguro de borrar el código de cliente y sus remitentes asociados?","¿Aquestes segur de esborrar el codi de client i els seus remitents associats?"
"¿Estas seguro de borrar el remitente?","¿Aquestes segur de esborrar el remitent?"
"¿Estás seguro querer que le visite un comercial?","¿Aquestes segur voler que el visiti un comercial?"
"¿Guardar datos de pedido?","¿Voleu desar dades de comanda?"
"Órdenes","Ordres"
"Últimas peticiones","Últimes peticions"
"Último","Últim"
