"(* La fecha seleccionada será la fecha para la que se grabaron los pedidos)","(*The selected date will be the date for witch the orders were recorded)"
"(*Los pedidos que no tengan la opción de reimprimir la etiqueta ya han pasado el periodo de validez de 7 días desde su grabación.)","(*Orders that don't have the option to reprint the label have alrady passed the 7-day validity period since their recording)"
"(filtrado de un total de _MAX_ registros)","(filtered from _MAX_ total entries)"
"**Los pedidos que no se pueden seleccionar ya tienen número de envío, solo se podrán reimprimir las etiquetas. (Ya se encuentran grabados)","** Orders that can not be selected already have a shipping number, only the labels can be reprinted. (They are already recorded)"
"*El servicio de entrega en oficinas no se puede realizar con importe de reembolso.","* The delivery service in offices can not be done with refund amount."
"612345789","612345789"
": Activar para ordenar la columna de manera ascendente",": activate to sort column ascending"
": Activar para ordenar la columna de manera descendente",": activate to sort column descending"
"A elegir entre: Adhesiva, medio folio y térmica.","To chose between: Sticky, half page y thermic."
"Acceso, rectificación, supresión, cancelación, limitación y portabilidad de los datos.","Access, rectification, deletion, cancellation, limitation and portability of the data."
"Acciones","Actions"
"Acepto alterar la referencia de los productos en los envios.","I agree to alter the reference of the products in the shipments."
"Activar / Desactivar","Enable / Disable"
"Activar cambio de estado de la orden","Enable change of the order status"
"Activar cambio de estado de la orden tras grabación","Activate change of order state after recording"
"Activar enlace de seguimiento en el historial de compras del cliente","Enable tracking link in customer's purchase history"
"Activar la generación de archivos de log","Enable the generation of log files"
"Activar peso por defecto","Enable default weight"
"Activar tracking automático","Enable shipping tracking"
"Actualizar configuración de usuario","Update user settings"
"Actualizar código cliente","Update client code"
"Actualizar código de cliente","Update client code"
"Actualizar datos del usuario","Update user data"
"Actualizar remitente","Update sender"
"Actualizar remitente defecto","Update default sender"
"Adhesiva","Sticky"
"Ahora tu cliente destinatario ya puede elegir cuando recibir sus compras si la franja horaria propuesta no le conviene","Now your target customer can now choose when to receive their purchases if the proposed time slot does not suit them"
"AHÓRRALES ESPERAS","SAVING ON WAITING TIMES"
"AHÓRRALES ESPERAS CON LA ENTREGA FLEXIBLE","SAVE THEM WAIT WITH FLEXIBLE DELIVERY"
"Ajustes","Settings"
"Al activar el tracking automático de pedidos, la tienda consultará de forma periódica en que estado se encuentra el pedido y lo mostrará en la tabla de histórico en la administración de las ordenes.","When activating the automatic tracking of orders, the store will periodically consult in which state the order is and will show it in the table of history in the administration of the orders."
"Al activar esta opción, el pedido cambiará al estado seleccionado tras la grabación y obtención del número de envío.","When activating this option, the order will change to the selected state after recording and obtaining the shipping number."
"Anterior","Previous"
"Anulado cex","Cancelled Cex"
"Anulado cex <span class=count">(%s)</span>  ","  Cancelled Cex <span class=count">(%s)</span>"
"Apartado de soporte para la descarga de informes de utilidad.","Support section for downloading utility reports."
"Apartado en el que guardamos las credenciales facilitadas por Correos Express. En caso de no disponer de él, pongase en contacto con Correos Express.","Section in which we keep the credentials provided by Correos Express. If you do not have it, contact Correos Express."
"Apartado en el que vincularemos los transportistas con nuestros productos. Solo apareceran los transportistas vinculados a la tienda en curso.","Section in which we will link the carriers with our products. Only the carriers linked to the current store will appear."
"aqui","here"
"aquí","here"
"Avisamos a tus clientes del estado de su envío, vía SMS.","We notify your customers of the status of your shipment, by SMS."
"Añadir códigos","Add codes"
"Añadir número de envío a la orden","Add shipping number to order"
"Añadir observaciones del cliente a la etiqueta","Add customer comments to the label"
"Aún no eres cliente","Are you not a customer yet"
"Borrado","Deleted"
"Borrar código cliente","Client Code deleted"
"Borrar código de cliente","Delete client code"
"Borrar remitente","Delete sender"
"Borrar","Delete"
"Borrará el envío de los registros de Correos Express","It will delete the shipment from the Correos Express records"
"Botón desde el que guardaremos el remitente creado.","Button from which we will save the created sender."
"Botón desde el que guardaremos los cambios del remitente.","Button from which we will save the changes to the sender."
"Botón mediante el que grabaremos el envío y obtendremos la etiqueta.","Button by which we will record the shipment and get the label."
"Botón mediante el que guardaremos nuestro remitente por defecto.", "Button that we will use to save the default sender."
"Botón para cambiar el logo en las etiquetas.","Button to change the logo on the labels."
"Botón para grabar todas las ordenes seleccionadas.","Button to record all the selected orders."
"Botón para guardar nuestra configuración de usuario.","Button to save our user configuration."
"Botón para imprimir el resumen todas los pedidos seleccionados.","Button to print the summary of all selected orders."
"Botón para imprimir todas las etiquetas seleccionadas.","Button to print all the selected labels."
"Bultos","Packages"
"Bultos por defecto","Default package"
"BULTOS","PACKAGE"
"Buscador","Search"
"Buscador de Oficinas","Office Finder"
"Buscador de Pedidos","Order Search"
"Buscar  ","Search"
"BUSCADOR OFICINAS","OFFICE FINDER"
"Buscar Envíos","Search your shipping"
"Buscar oficina","Find Office"
"Buscar oficinas","Find Office"
"Buscar","Search"
"Buscar:","Search:"
"Cambiar Imagen","Change image"
"Cambiar Logo de las Etiquetas","Change the label logo"
"Cambio de modalidad","Method change"
"Campo para indicar cualquier detalle de interés, sobre la entrega del pedido.","Field to indicate any detail of interest, about the delivery of the order."
"Campo para indicar cualquier detalle de interés, sobre la recogida del pedido.","Field to indicate any detail of interest, about the collection of the order."
"Campos para establecer el número de bultos y los kilos del paquete respectivamente.","Fields to establish the number of packages and the kilos of the package respectively."
"Cancelar","Cancel"
"Cantidad de bultos predeterminados para cada envío, este valor podrá ser modificado más adelante en el detalle del pedido.","Quantity of predetermined packages for each shipment, this value can be modified later in the detail of the order."
"Cantidad de kilos predeterminados para cada envío, este valor podrá ser modificado más adelante en el detalle del pedido.","Quantity of predetermined kg for each shipment, this value can be modified later in the detail of the order."
"Cargando...","Loading..."
"Cerrar","Close"
"Cerrar el formulario, sin guardar.","Close the form, without saving."
"CEX Ajustes","CEX Settings"
"CEX Opciones","CEX Options"
"CEX Utilidades","CEX Utilities"
"Ciudad","City"
"Click para seleccionar","Click to select"
"CLIENTE","CLIENT"
"Cod Oficina","Office code"
"Cod. Cli.","Cli. Cod."
"COD. OFICINA","OFFICE CODE"
"Codigo entregado por Correos Express. consta de 9 dígitos. En caso de no disponer de él pongase en contacto con Correos Express.  ","Code delivered by Correos Express, consists of 9 digits. If you don't have it, contact Correos Express."
"Codigo de referencia del envío.","Reference code of the shipment."
"Comercial","Commercial"
"Configura tú módulo "," Configure your module"
"Configuración","Configuration"
"Configuración de usuario de la tienda.","User configuration of the shop."
"CONFIGURACIÓN DE USUARIO","USER CONFIGURATION"
"Configuración de usuario, única para todas las tiendas.","User configuration, unique for all stores."
"Confirma el borrado","Confirm deletion"
"Confirma la operación","Confirm the operation"
"Consentimiento del interesado","Consent of the interested party"
"Contacto","Contact"
"Contrareembolso","Cash on delivery"
"Copiar datos remitente","Copy sender data"
"Correo electrónico","Email"
"Correos Express ofrece, en exclusiva y ","Correos Express offers, exclusively and "
"CORREOS EXPRESS S.L.","CORREOS EXPRESS S.L."
"Correos Express","CorreosExpress"
"CP","ZIP"
"Crear código de cliente","Create client code"
"Crear remitente","Create sender"
"Credencial facilitada por Correos Express. En caso de no disponer de ella, pongase en contacto con Correos Express.","Credential provided by Correos Express. If you don't have it, contact Correos Express."
"Credenciales inválidas","Invalid credentials"
"Credenciales inválidas, Consulte con su Comercial","Invalid credentials, check with your commercial"
"Credenciales correctas","Correct credentials"
"Cuenta Conectada","Connected account"
"Código AT","AT Code"
"Código Cliente","Client Code"
"Código cliente","Client Code"
"Código cliente de facturación","Invoice client code"
"Código de cliente invalido","Invalid customer code"
"Código de cliente no válido","Client code invalid"
"Código de cliente que se asociará al remitente, no se puede cambiar de código asociado una vez se genere el remitente.","Client code that are associated with the sender, can not change associated code once the sender is generated."
"Código de cliente actualizado con exito","Client Code has been added successfully"
"Código de cliente sobre el que se graba el envío.","Customer code on which the shipment is recorded."
"Código de cliente ya existente","Client Code already exists"
"Código de Oficina: ","Office code: "
"Código de referencia del envío.","Shipping reference code."
"Código entregado por Correos Express, consta de 9 dígitos. En caso de no disponer de él, pongase en contacto con Correos Express.","Code delivered by Correos Express, consists of 9 digits. If you don't have it, contact Correos Express."
"CÓDIGO ENVÍO","SHIPPING CODE"
"Código Postal","ZIP Code"
"Código postal destino","Delivery ZIP"
"Código postal recogida","Pick up ZIP"
"Código solicitante","Applicant code"
"Datos a mostrar en etiqueta","Data to show on label"
"Datos a mostrar en la etiqueta.","Data to show on label"
"Datos de envío para la etiqueta","Shipping data for the label"
"Datos del envío","Delivery data"
"Datos personales del remitente.","Sender's personal data."
"Debe guardar un remitente por defecto para grabar un envío.","You must save a default sender to record a shipment."
"Debe haber un mínimo de dos horas de diferencia.","There must be a minimum of two hours apart."
"DEBE INTRODUCIR UNA REFERENCIA.","YOU MUST ENTER A REFERENCE."
"Debe seleccionar al menos un elemento de la lista ","You must select at least one item from the list "
"Debe seleccionar al menos un envio de la lista","You must select at least one shipment from the list"
"Debe seleccionar al menos una orden","You must select at least one order"
"Debe seleccionar algún producto para configurar los transportistas","You must select a product to configure the carriers"
"Debe seleccionar algún producto para continuar","You must select a product to continue"
"Derechos del Interesado:","Rights of the Stakeholder:"
"Descarga de informes de las bases de datos:","Download reports from databases:"
"Descarga de informes para el soporte:  ","Download reports for Support Service:"
"Descarga de informes para la grabación del envió y/o recogida:","Downloading reports for the recording of the shipment and / or collection:"
"Descarga de informes:","Download reports:"
"Descarga los últimos registros de la base de datos histórico, con la información de las últimas peticiones y respuestas del WS.","Download the latest records from the historical database, with the information on the latest WS requests and responses."
"Descarga los últimos registros de la base de datos histórico, saveships y migrations con la información de las últimas peticiones y respuestas del WS.","Download the latest records of the historical database, saveships and migrations with the information of the last requests and responses of the WS."
"Descarga el log","Download log"
"Descargar","Download"
"Descargar el log de la última ejecución del CRON.","Download the log of the last CRON execution."
"Descargar el log de la última petición al WS.","Download the log of the last request to the WS."
"Descargar el log de la última respuesta del WS.","Download the log of the last WS response."
"Descargar la ultima peticion","Download the last request"
"Descargar los errores de actualizacion","Download update errors"
"Descripción del error","Error Description"
"Descripción referencia(1)","Reference description (1)"
"Descripción referencia(2)","Reference description (2)"
"Desde","From"
"Desde:","From:"
"Desde aquí cerraremos la edición de nuestro código de cliente, sin guardar.","From here we will close the edition of our client code, without saving."
"Desde aquí guardaremos nuestro código de cliente.","From here we will save our client code."
"Codigo entregado por Correos Express, consta de 9 dígitos. En caso de no disponer de él, pongase en contacto con Correos Express.","Code delivered by Correos Express, consists of 9 digits. If you do not have it, contact Correos Express."
"Desde(h:m)","From(h:m)"
"Desplegable con el listado de remitentes de la tienda en curso. Siempre vendrá seleccionado nuestro “Remitente por defecto”, pudiendo cambiarlo cuando se desee.","Deployable with the list of senders of the store in progress.Our default sender will always be selected, being able to change it whenever you want."
"Desplegable con las posiciones posibles para el tipo de etiqueta seleccionado.","Drop down with possible positions for the type of label selected."
"Desplegable con las posiciones posibles para el tipo de etiqueta seleccionado. Específico para la reimpresión de etiquetas","Dropdown with the possible positions for the type of label selected. Specific for label reprinting"
"Desplegable con las tiendas disponibles, deberemos seleccionar la tienda sobre la que queremos trabajar.","Drop down with the available stores, we must select the store we want to work on."
"Desplegable mediante el que seleccionaremos el tipo de etiqueta que queramos obtener.","Drop down by which we select the type of label we want to obtain."
"Desplegable mediante el que seleccionaremos el tipo de etiqueta que queramos obtener. Específico para la reimpresión de etiquetas","Dropdown through which we select the type of label we want to obtain. Specific for label reprinting"
"Destinatarios:","Recipients:"
"Detalle del resultado de la búsqueda de pedidos.","Detail of the result of the search of orders."
"Devuelto cex","Returned Cex"
"Devuelto cex <span class=count">(%s)</span>  ","  Returned Cex <span class=count">(%s)</span>"
"Dirección","Address"
"Dirección de destino","Receiver address"
"DIRECCIÓN DESTINATARIO","RECEIVER ADDRESS"
"Dirección destino","Delivery address"
"Dirección recogida","Pickup address"
"Déjanos tus datos y te llamamos con una oferta de servicios específica para ti.","Leave us your information and we will call you with a specific service offer for you."
"Editar Credenciales","Edit Credentials"
"EDITAR","EDIT"
"Ejecutar actualizaciones","Run updates"
"El código %s no se ha podido crear","The code %s couldn't be created"
"El código %s se ha agregado correctamente","The code %s has been added successfully"
"El código de cliente %s no ha sido actualizado","The client code %s couldn't be created"
"El código de cliente %s se ha actualizado correctamente","The client code %s has been updated successfully"
"El código de cliente debe tener 9 digitos","The customer code must have 9 digits"
"El código de cliente ha sido borrado con éxito","Client Code has been deleted successfully"
"El código de cliente y los remitentes asociados han sido borrados correctamente","The client code and associated senders have been successfully deleted"
"El código de cliente y sus remitentes asignados han sido borrados con éxito","The Client Code and its assigned senders have been deleted successfully"
"El remitente ha sido creado con exito","Sender has been created correctly"
"El código no podido ser borrado","The client code couldn't be deleted"
"El envío ","The shipment "
"El envío ha sido borrado correctamente","The shipment has been deleted successfully"
"El logo es demasiado grande, debe ser menor de 400 kB","The logo is too large, it must be less than 400 kB"
"El número de dígitos no corresponden con ningún Código Cliente","The number of digits does not match any Client Code"
"El producto CEX seleccionado no permite entrega los sábados.","The selected CEX product does not allow delivery on Saturdays."
"El remitente %s no se ha podido crear","The sender %s couldn't be created"
"El remitente %s se ha agregado correctamente","The sender %s was added successfully"
"El remitente ha sido borrado correctamente","The sender was deleted"
"El remitente ha sido borrado correctamente. Ahora no tiene remitentes por defecto","The sender has been successfully deleted. Now it has no default senders"
"El remitente no ha podido ser borrado","The sender couldn't be deleted"
"El remitente por defecto no es válido","The default sender is invalid"
"El remitente por defecto se ha actualizado correctamente","The default sender has been updated"
", el servicio de entrega en oficina de Correos.",", the delivery in Post office service."
"El tiempo seleccionado determina con que frecuencia se actualizan los estados de los pedidos.","The selected time determines how often the order statuses are updated."
"ELIMINA INCERTIDUMBRE.","GET RID OF UNCERTAINTY."
"Eliminar Imagen","Delete image"
"Eliminar seguimiento.","Remove tracking."
"Email","Email"
"Email destinatario","Delivey email"
"Email remitente","Sender email"
"email@email.com  ","email@email.com"
"En curso cex","Sending Cex"
"En curso cex <span class=count">(%s)</span>  ","Sending CEX <span class=count">(%s)</span>"
"En esta sección se pueden descargar los informes para el soporte con Correos Express.","In this section you can download the reports for support with Correos Express."
"En este formulario nos encargamos de configurar el CRON, el cual se encarga de modificar el estado del pedido automáticamente cuando se cumplan las condiciones dadas.","In this form we take care of configuring the CRON which is responsible for modifying the order status automatically when the given conditions are met."
"En este formulario se relacionan los transportistas con los productos de Correos Express contratados.","In this form the carriers are related to the products of Correos Express contracted."
"EN ESTOS MOMENTOS NO SE HA PODIDO CURSAR LA PETICIÓN","IN THESE MOMENTS THE PETITION HAS NOT BEEN ABLE TO COURAGE"
"Encargados del tratamiento.","Managers of the treatment."
"ENLACE","LINK"
"Enlace al pedido que ha provocado el error, si procede(ERROR GENERAL en caso de error genérico)","Link to the order that caused the error, if applicable (GENERAL ERROR in case of generic error)"
"Enlace que abrirá la página de seguimiento de pedido de Correos Express","Link that opens the Correos Express order tracking page"
"ENTREGA CUANTO ANTES.","DELIVERY AS SOON AS POSSIBLE."
"ENTREGA EN OFICINA DE CORREOS","DELIVERY IN POST OFFICE"
"Entrega en oficinas de correos","Delivery at post office"
"Entrega sábado","Delivery on saturday"
"Entregado cex","Delivered cex"
"Entregado cex <span class=count">(%s)</span>  ","  Delivered cex <span class=count">(%s)</span>"
"ENVIAR","SEND"
"Envio","Shipping"
"Envío","Shipping"
"Envíos con origen y/o destino Portugal","Shipments with origin and / or destination Portugal"
"Error [PSDBE] al guardar el envío, referencia duplicada en la BD [SAVED]. Cambie la referencia y vuelva a intentarlo ","Error [PSDBE] when saving the shipment, duplicate reference in the BD [SAVED]. Change the reference and try again "
"Error [PSDBE] al guardar el envío, referencia duplicada en la BD [SAVED]. Cambie la referencia y vuelva a intentarlo ","Error [PSDBE] when saving the shipment, duplicate reference in the BD [SAVED]. Please change the reference and try again"
"Error de Código de Cliente","Client Code Error"
"Error de selección","Selection error"
"Error en la respuesta. Vuelva a intentarlo más tarde","Response failed. Please try again later"
"ERROR GENERAL","GENERAL ERROR"
"Error Http: ","Http Error: "
"Error no hay guardado ningún remitente por defecto","Error no sender is saved by default"
"Error Validar Credenciales","Validate Credentials"
"Errores en la impresión de la etiqueta","Errors ocurred printing label"
"Es una devolución","It's a devolution"
"España","Spain"
"Esta opción activa/desactiva el seguimiento de los pedidos","This option allows activating the tracking link, in the orders section."
"Esta opción determina si cuando el pedido se actualiza a medida que pasa por los diferentes estados de seguimiento","This option determines whether when the order is updated as it passes through the different tracking states"
"Esta opción permite activar el enlace de seguimiento, en la sección pedidos.","This option allows activating the tracking link, in the orders section."
"Esta opción permite añadir número de envío a la orden.","This option allows you to add the shipping number to the order."
"Esta opción permite añadir observaciones del cliente a la etiqueta.","This option allows adding customer comments to the label."
"Esta orden tiene un trasportista asignado que no corresponde con ninguna modalidad de envío de CorreosExpress.","This order has an assigned carrier that does not correspond to any CorreosExpress shipping method."
"ESTADO","STATUS"
"Estado","Status"
"Estado Anulado","Canceled status"
"Estado del pedido tras la grabación","Order status after recording"
"Estado Devuelto","Returned status"
"Estado en curso","Sending status"
"Estado Entregado","Delivered status"
"Estados:","Status:"
"Este apartado nos permitirá configurar los cambios de estado automáticos para nuestros pedidos, único para todas las tiendas.","Sender management, you can have as many as you want. Each store will have only one active, which will be determined with the Sender by default."
"Este es la sección de configuración para módulo de correos express. Es la parte mas importante de nuestro módulo y su correcto funcionamiento depende de ella.","This is the configuration section for express mail module. It is the most important part of our module and its correct functioning depends on it."
"Exportar a csv","Export to csv"
"Exportar a excel","Export to excel"
"Exportar a pdf","Export to pdf"
"Facturacion","Billing"
"Facturación","Billing"
"Fecha","Date"
"FECHA","DATE"
"FECHA CREACIÓN","CREATION DATE"
"Fecha de grabación","Recording date"
"Fecha de Recogida","Pick up date"
"Fecha marcada para la entrega del pedido.","Date marked for the delivery of the order."
"Fecha sobre la que realizaremos la búsqueda de pedidos.","Date on which we will perform the search for orders."
"Filtro mediante el que realizar la búsqueda de nuestros pedidos.","Filter through which to search for our orders."
"Finalidad:","Purpose:"
"Formato Inválido (JPG/PNG)","Invalid Format (JPG / PNG)"
"Generación de resumen de pedidos","Generation of order summary"
"Generar Envíos","Generate your shipments"
"Gestiona los errores de tu pedido","Manage the errors of your order"
"GESTIONAR CÓDIGOS DE CLIENTE","MANAGE CUSTOMER CODES"
"Gestión de código de cliente, un código activo por tienda. El código de cliente activo se determina mediante el Remitente por defecto de cada tienda.","Customer code management, one active code per store. The active customer code is determined by the Default Sender of each store."
"Gestión de remitentes, podrás tener todos los que quieras. Cada tienda tendrá solo uno activo, que se determinará con el Remitente por defecto.","Sender management, you can have as many as you want. Each store will have only one active, which will be determined with the Sender by default."
"Gestión de remitentes, podrás tener todos los que quieras. La tienda tendrá solo uno activo, que se determinará con el Remitente por defecto.","Management of senders, you can have as many as you want. The store will have only one active, which will be determined with the Default sender."
"Grabación masiva de pedidos","Massive order recording"
"Grabar Envío","Record Shipment"
"Grabar Recogida","Record Collection"
"Guardar","Save"
"Guardar configuración Cron","Save Cron settings"
"Guardar configuración de usuario","Save user settings"
"Guardar configuración del cron","Save Cron settings"
"Guardar Credenciales de usuario","Save User Credentials"
"Guardar credenciales","Save Credentials"
"Guardar datos de cliente","Save client data"
"Guardar Producto","Save Product"
"Guardar productos","Save products"
"Guardar relaciones de transportistas","Save carriers relationships"
"Guardar remitente defecto","Save default sender"
"Guardar Remitente por defecto","Save default sender"
"Guardar Transportistas","Save Carriers"
"Guardar zonas de envío y transportistas","Save shipping zones and carriers"
"Guardaremos la configuración de nuestro Cron.","We will save the configuration of our Cron."
"Guardaremos la configuración de transportistas para utilizarlos en nuestra tienda.","We will save the transporters configuration to use them in our store."
"Guardaremos los productos seleccionados, para posteriormente asignarlos a los transportistas.","We will save the selected products, to later assign them to the carriers."
"Guarde sus credenciales en un lugar seguro","Keep your credentials in a safe place"
"ha sido borrado correctamente"," has been deleted successfully"
"Hacer click para ver el manual de esta sección","Click to see the manual of this section"
"Han habido errores durante la Grabación","There have been errors during recording"
"Han habido errores durante la reimpresión","There have been errors during reprint"
"Hasta","To"
"Hasta(h:m)","To(h:m)"
"Hasta:","To:"
"HAZLES LA VIDA FÁCIL.","MAKE THEIR LIFE EASIER."
"He leído y acepto la ","I have read and accept the "
"política de privacidad, ","privacy policy, "
"la ","the "
"política de protección de datos ","data protection policy "
"y el ","and the "
"Detalle legal del formulario.","Form Legal Details."
"Histórico de envios","Shipping history"
"Histórico Envío Correos Express","Correos Express historical shipping"
"Hola,<br/>¿Eres cliente<br/> de <span class='CEX-text-blue'>Correos</span> <span class='CEX-text-blue'>Express</span>?","Hello,<br/>Are you client<br/> of <span class='CEX-text-blue'>Correos</span> <span class='CEX-text-blue'>Express</span>?"
"Hora","Hour"
"HORA ANTERIOR A LA ACTUAL.","TIME BEFORE CURRENT."
"Hora desde la que está disponible para la recogida.","Time from which it is available for pickup."
"Hora hasta la que está disponible para la recogida.","Time until which is available for pickup."
"Hora Recogida desde","Pick up time from"
"Hora Recogida hasta","Pick up time until"
"Horario en el que se realizará la recogida","Schedule in which the collection will be made"
"ID","ID"
"ID Entidad","Entity ID"
"ID Incremental","Incremental ID"
"ID ORDEN","ORDER ID"
"Identificador","Identificator"
"Imagen logo demasiado grande","Logo image too large"
"Imprimir Etiquetas","Print your labels"
"Imprimir resumen","Print summary"
"Información básica sobre protección de datos","Basic information about data protection"
"Información extra sobre el pedido.","Extra information about the order."
"Información legal pertinente a mostrar","Relevant legal information to show"
"Inicio","Index"
"Intercambiar los datos con los del destinatario","Exchange the data with the receiver data"
"Intercambiar los datos con los del remitente","Exchange the data with the sender data"
"Intervalo de horas para la recogida.","Interval of hours for collection."
"Introduzca datos de Búsqueda.","Type search data, please."
"IR AL PEDIDO ", "GO TO ORDER "
"KG por defecto","Default KG"
"KG","KG"
"Kilos","Kg"
"La configuración se ha actualizado con éxito","The settings has been updated"
"La entrega en sábados solo está disponible si se utiliza el PAQ 14 ¿Quieres cambiar la modalidad de envío a PAQ 14?","Delivery on Saturdays is only available if PAQ 14 is used. Do you want to change the shipping method to PAQ 14?"
"La información de los clientes de la etiqueta se obtiene de una de las dos direcciones de una orden","The customer information of the label is obtained from one of the two directions of an order"
"La Orden no pertenece a un transportista CEX","The Order does not belong to a CEX carrier"
"La petición con referencia: ","The request with reference: "
"La petición de envio ","The shipping request "
"La petición de envio se ha cursado con exito: ","The shipment request has been processed successfully: "
"La petición de envio se ha cursado con éxito:","The shipment request has been successfully completed:"
"La petición de recogida ","The collection request "
"La petición de recogida se ha cursado con exito: ","The collection request has been processed successfully: "
"La petición de recogida se ha cursado con éxito:","The collection request has been successfully completed:"
"LA PETICIÓN HA SIDO CURSADA","THE PETITION HAS BEEN CURSED"
"La recogida será Automática ","The collection will be Automatic "
"La recogida será automática","The pickup will be automatic"
"La relación entre ambos es 1:1, es decir un transportista esta asociado a un producto. Si se cambia el producto asociado a un transportista, se modificará todo el histórico de pedidos relacionado con él.","The relationship between the two is 1: 1, ie a carrier is associated with a product. If the product associated with a carrier is changed, the entire order history related to it will be modified."
"Las Credenciales se han actualizado con éxito","Credentials have been updated successfully"
"Las credenciales son correctas","The credentials are correct"
"Las credenciales son incorrectas","The credentials are wrong"
"Las mejores soluciones de transporte urgente para tus clientes online","The best solutions for urgent deliveries for your online customers"
"Las zonas se listan por ","The zones are listed by "
"Las zonas se listan por <strong>orden de preferencia de uso.</strong>","The zones are listed by <strong> order of preference of use.</strong>"
"Legitimación:","Legitimation:"
"Links de descarga","Download links."
"Listado de los productos que tiene a su disposición Correos Express. Una selección de productos por tienda.","List of the products that Correos Express has at its disposal. A selection of products per store."
"Listado de los productos que tiene a su disposición Correos Express.","List of products available to Correos Express. "
"Listado de los productos que tiene a su disposición Correos Express. Marque únicamente los productos pactados con su comercial. Si se selecciona algún producto no contratado, se producirá un error al grabar el envío.","List of products available to Correos Express. Mark only the products agreed with your commercial. If a non-contracted product is selected, an error will occur when recording the shipment."
"Localización inmediata del destinatario en caso de ausencia.","Immediate location of the consignee in case of absence"
"Localización inmediata del destinatario, en caso de ausencia","Immediate location of the consignee in case of absence"
"Los campos con ","Fields with "
"Los datos de %s no ha sido actualizado","The data from %s couldn't be updated"
"Los datos de %s se han actualizado correctamente","The data from %s has been updated successfully"
"Los datos no han sido modificados","The data couldn't be updated"
"Los datos no se han actualizado","The data couldn't be updated"
"Los datos se han actualizado correctamente","The data has been updated successfully"
"Los envíos a Portugal solo están disponibles si se utiliza el PAQ 24 ¿Quieres cambiar la modalidad de envío a PAQ 24?","Shipments to Portugal are only available if PAQ 24 is used. Do you want to change the shipping method to PAQ 24?"
"Los productos no se han actualizado","The products couldn't be updated"
"Los productos se han actualizado correctamente","The products has been updated successfully"
"Los transportistas/métodos de envío son aquellos configurados en la sección Tranporte de Magento. Se debería crear un transportista para cada producto contratado, ya que un transportista solo puede tener asignado un producto.","The carriers / shipping methods are those configured in the Transportation section of Magento. A carrier should be created for each contracted product, since a carrier can only have one product assigned"
"Listado de productos seleccionados en la sección Productos Cex.","List of selected products in the section Cex Products."
"Los transportistas/métodos de envío son aquellos configurados por Magento. ", "The carriers / shipping methods are those configured by Magento."
"Método de pago contrareembolso","Payment method for cash on delivery"
"Manual Edición Código Cliente","Manual for edit customer code"
"Manual Edición Remitente","Edit sender manual"
"Manual interactivo","Interactive manual"
"Manual interactivo Grabación del pedido","Shipment record interactive manual"
"Manual interactivo Grabación masiva","Interactive manual massive recording"
"Manual interactivo Reimpresión","Interactive manual reprint"
"Manual interactivo Resumen pedidos","Interactive manual order summary"
"Medio Folio","Half-sheet"
"MENSAJE","MESSAGE"
". Mensaje-> ",". Message-> "
"MINIMIZA LAS INCIDENCIAS.","MINIMIZE INCIDENTS."
"Minutos","Minutes"
"Modalidad cambiada a PAQ 14","Shipping method change to PAQ 14"
"Modalidad de envío","Shipping method"
"Modificada relación"," RelationShip modified"
"Modificada relación transportista, se asigna PAQ 24","Carrier relationship modified, PAQ 24 assigned"
"Modificados productos configurados, se asigna y añade PAQ 24","Configured products modified, PAQ 24 added and assigned"
"Mostrando registros del 0 al 0 de un total de 0 registros","Showing 0 to 0 of 0 entries"
"Mostrando registros del _START_ al _END_ de un total de _TOTAL_ registros","Showing entries from _START_ to _END_ from a total of _TOTAL_ entries"
"Mostrar _MENU_ registros","Show _MENU_ entries"
"Mostrar/Ocultar columnas","Show/Hide columns"
"Método de pago contrareembolso","Payment method for cash on delivery"
"MÉTODO ENVÍO - PRODUCTO","SHIPPING METHOD - PRODUCT"
"Móvil","Mobile phone"
"N. ENVÍO","DELIVERY NUMBER"
"Necesitas seleccionar una oficina para completar el pedido","You need to select an office to complete your order"
"Necesitas tener códigos de remitente","You need to have sender codes"
"Ninguno","None"
"Ningún dato disponible en esta tabla","No data available in table"
"No configurado","Not configured"
"No corresponde a productos CEX","It doesn't correspond to any CEX products"
"No es una referencia Guardada en Base de Datos"," It is not a reference Saved in Database"
"No hay códigos de cliente disponibles","No codes available"
"No hay etiquetas","There is not labels"
"No hay métodos mapeados","No methods mapped"
"No hay productos CEX activos","There aren't active CEX products"
"No hay remitentes dados de alta","No senders registered"
"No hay resultados para la búsqueda","Detail of the result of the search of orders."
"No se encontraron resultados","No matching records found"
"No se ha indicado el número de bultos de la orden ","The number of packages of the order has not been indicated "
"No se ha podido establecer el remitente por defecto","Default sender couldn't be saved"
"No se ha podido guardar el remitente por defecto","It was not possible to save the sender default"
"No se puede utilizar el servicio de contrareembolso con la opcion entrega en oficina activada","You cannot use the cash on delivery service with the office delivery option activated"
"No se puede utilizar el servicio entrega en oficina con la opcion de contrareembolso activada","You cannot use the office delivery service with the cash on delivery option activated"
"NO TIENES ACCESO A ESTA SECCIÓN","YOU DON'T HAVE ACCESS TO THIS SECTION"
"No tienes productos para enviar los sábados.","You don't have products for delivey on saturdays."
"NOMBRE","NAME"
"Nombre","Name"
"Nombre:","Name:"
"NOMBRE DESTINATARIO","RECEIVER NAME"
"Nombre destinatario","Receiver name"
"Nombre remitente","Sender name"
"NÚMERO DE BULTOS NO PERMITIDO","PACKAGE NUMBER NOT ALLOWED"
"Número de bultos no permitido","Package number not allowed"
"Número de bultos por defecto","Number of packages by default"
"Número de orden del pedido que ha provocado el error de reimpresión, si procede (000 en caso de error genérico)","Order number of the order that caused the reprint error, if applicable (000 in case of generic error)"
"Observaciones entrega","Delivery observations"
"Observaciones recogida","Collection observations"
"Oficina","Office"
"Oficina para la entrega","Delivery office"
"Oficina seleccionada","Selected Office"
"OPCIONES CRON","CRON OPTIONS"
"orden de preferencia de uso.","use preference order."
"Ordenes","Orders"
"Orden:","Order:"
"Orden: Extra","Order: Extra"
"Orden: Otras zonas","Order: Other zones"
"Pago contrarrembolso", "Cash on delivery"
"Pagos por cheque","Payments by bank draft"
"Pagos por transferencia bancaria","Payments by bank transfer"
"Para guardar los datos del remitente, primero hay que añadir un código de cliente.","To save the sender's data, you must first add a client code."
"PARA LA ENTREGA EN OFICINA ES NECESARIO INTRODUCIR EL TELÉFONO MÓVIL","FOR THE DELIVERY IN THE OFFICE IT IS NECESSARY TO ENTER THE MOBILE PHONE"
"Para poder realizar el pedido es necesario seleccionar una oficina","You need to select an office in order to complete the purchase"
"Password","Password"
"País","Country"
"País de destino del pedido, el CP del destinatario debe pertenecer al país seleccionado.","Destination country of the order, the ZIP of the recipient must belong to the selected country."
"País destino","Delivery country"
"País recogida","Pick up country"
"Pedido GRABADO","Order RECORDED"
"Persona contacto","Contact"
"Peso por defecto ","Default weight "
"Peso","Weight"
"Población","City"
"Población destino","Delivery city"
"Población recogida","Pick up city"
"Porque hay cosas que no pueden esperar, entregamos tu pedido en sábado.","Because there are things that can not wait, we deliver your order on Saturday."
"Portugal","Portugal"
"Posición de etiqueta","Label position"
"Posición de la etiqueta","Label position"
"Primero","First"
"Procesando...","Processing..."
"Product","Product"
"PRODUCTO CEX","PRODUCT CEX"
"PRODUCTOS CEX","CEX PRODUCTS"
"Quitar remitente de las etiquetas","Remove sender from labels"
"Recogida Desde  ","Pickup from"
"Recogida desde","Pickup from"
"REF ENVÍO","SHIPPING REF"
"Ref.Pedido","Order Ref"
"REFERENCIA","REFERENCE"
"Referencia de envío","Shipping reference"
"Referencias para las ordenes","References for orders"
"Registro Envío Correos Express","Correos Express shipping registration"
"REGÁLALES TRANQUILIDAD.","TRANQUILLITY AS A GIFT."
"Reimpresión de etiquetas","Reprint of labels"
"Reimprimir","Reprint"
"Reimprimirá las etiquetas del envío de esa fila de la tabla con el tipo y posicion determinado en los desplegables inferiores","It will reprint the shipping labels of that row of the table with the type and position determined in the lower dropdowns"
"Reimprimirá las etiquetas que se hayan seleccionado en la tabla de grabaciones del tipo seleccionado en los desplegables","Print the labels that have been selected in the table of recordings of the type selected in the dropdowns"
"Reiniciaremos el formulario.","We will reset the form."
"RELACIONAR ZONAS DE ENVÍO Y TRANSPORTISTAS","ASSOCIATE SHIPPING ZONES AND CARRIERS"
"Remitente por defecto","Default sender"
"Remitente actualizado con exito","Sender updated successfully"
"REMITENTE: CP NO ENCONTRADO","SENDER: CP NOT FOUND"
"REMITENTES","SENDERS"
"Remitentes","Senders"
"Responsable:","Responsible:"
"Respuesta WS","WS response"
"Resto de campos con información del destinatario.","Rest of fields with information of the recipient."
"Resto de campos con información del remitente.","Other fields with information of the sender."
"se ha cursado con exito: "," has been successfully completed: "
"se ha encontrado un error en los datos","an error has been found in the data"
"Sección de datos referente al destinatario.","Data section referring to the receiver."
"Sección de datos referente al remitente.","Data section referring to the sender."
"Seguimiento","Tracking"
"Selecciona la fecha de la que quieres imprimir el resumen de pedidos","Select the date witch you want to print the order summary"
"Selecciona la fecha de la que quieres ver los pedidos","Select the date from witch you want to see the orders"
"Selecciona la oficina para entrega","Select delivery office"
"Selecciona un estado","Select Status"
"Seleccionable de los productos activos seleccionados en la configuración por usted.","Selectable of the active products selected in the configuration by you."
"Seleccionar","Select"
"Seleccionar remitente por defecto","Select default sender "
"Seleccionar todos","Select all"
"Seleccionaremos todos los pedidos de la tabla.","We will select all the orders in the table."
"Seleccione el método de pago contra reembolso en caso de que se utilice esta modalidad en caso contrario seleccione Ninguno.","Select the method of payment on delivery in case this method is used otherwise select None."
"Seleccione el tipo de ejecución del cambio de estados","Select the type of execution of the change of states"
"Seleccione el tipo de Etiqueta","Select the label type"
"Seleccione la posición de la Etiqueta","Select label position"
"Seleccione un país","Select a country"
"Seleccione un remitente","Select a sender"
"Seleccione una dirección de destino","Select a delivery address"
"Seleccione una modalidad de envío","Select a shipping method"
"Selección de Etiquetas para la reimpresión.  Específico para la reimpresión de etiquetas", "Selection of Labels for reprint. Specific for label reprinting"
"Selección del remitente por defecto, irá asociado a la tienda en la que se encuentre y solo a ella. Este será el remitente que utilizará la tienda en los pedidos. Es un campo obligatorio.","Selection of the sender by default, it will be associated with the store in which it is located and only with it. This will be the sender that the store will use in the orders. It is a mandatory field."
"Servicio Especializados en tus compradores Online","Specialized Services in your online shoppers"
"SERVICIO GRATUITO INCLUIDO EN EL PAQ 24H","FREE SERVICE INCLUDED IN THE PAQ 24H"
"Servicio gratuito incluido en tu envío PAQ24H","Free service included in the Paq 24h"
"Si el pedido está asegurado, aquí se introducirá el importe del mismo.","If the order is insured, the amount will be entered here."
"Si hay varias zonas con un valor de 0 en el orden, el orden de preferencia es de arriba a abajo.","If there are several zones with a value of 0 in the order"," the order of preference is from top to bottom."
"Si marca esta opción, las etiquetas se generarán con un remitente alternativo.","If you check this option, the labels will be generated with an alternate sender."
"Si marca esta opción, las etiquetas se generarán sin remitente.",  "If you activate this option the labels will be generated without sender."
"Si no están en casa, contactamos con ellos para una segunda entrega. Gestión proactiva de incidencias.","If they are not at home, we contact them for a second delivery. Proactive incident management."
"Si se activa, actualizará el estado de la orden en función del CRON y la selección de estados realizada.","If activated, it will update the status of the order based on the CRON and the state selection made."
"Si selecciona esta opción, se generarán los archivos de log del cron y se añadirá una pestaña de soporte","If you select this option, the cron log files will be generated and a support tab will be added"
"Siguiente","Next"
"sin coste adicional","without aditional costs"
"SKU","SKU"
"Solo seleccionar esta opción en caso de necesitar envío con recogida.","Only select this option if you need to send with pickup."
"son requeridos."," are required."
"SOPORTE","SUPPORT"
"Soporte Rápido","Quick Support"
"Soy Nuevo, ¡Llamadme!","I'm New, Please Call me!"
"Su selección permite la reimpresión de las etiquetas de ese envío al pulsar el botón Reimprimir","Its selection allows the reprint of the labels of that shipment when pressing the Reprint button"
"Suba una imagen para el logo por favor","Upload an image for the logo please"
"Suba una imagen válida por favor (jpg, gif, png) y menor de 400kB","Please upload a valid image (jpg, gif, png) and smaller than 400kB"
"Subir Imagen ","Upload Image "
"Subtotal","Subtotal"
"Sí, configurar mi módulo","Yes, Configure my module"
"Tabla de errores de reimpresión, tanto a nivel de petición como a nivel de etiqueta","Table of reprint errors, both at the request level and at the label level"
"Tabla en la que podremos consultar el histórico del pedido.","Table in which we can consult the history of the order."
"Tabla en la que se nos muestran nuestros codigos de cliente, asi como los botones de borrado y modificación del mismo.","Table in which our customer codes are shown, as well as the buttons for deleting and modifying it."
"Tabla en la que se nos muestran nuestros códigos de cliente, asi como los botones de borrado y modificación del mismo.","Table in which we are shown our client codes, as well as the buttons for deleting and modifying it."
"Tabla que muestra todos los remitentes creados para la tienda en curso.","Table showing all the senders created for the store in progress."
"tarea cex","task cex"
"Teléfono","Phone"
"Teléfono de contacto *","Contact Phone *"
"Teléfono destinatario","Delivery phone"
"Teléfono fijo","Phone"
"Teléfono remitente","Sender phone"
"Termica","Thermic"
"Texto Alternativo","Alternative Text"
"Tfn. Fijo","Phone"
"Tfn. Móvil","Ph. Mobile"
"Tiempo de Actualización de los Estados","States Update Time"
"Tipo","Type"
"Tipo de ejecución del cron","Cron execution type"
"Tipo de etiqueta","Label type"
"Tipo de etiqueta por defecto","Default label type"
"Total","Total"
"Transportistas","Carriers"
"Transportistas Advanced Free Shipping","Advanced Free Shipping Carriers"
"Térmica","Thermic"
"URL del web service de envío.","Web service sending URL."
"URL del web service de recogida.","Web service pickup URL."
"URL del web service de seguimiento de envío.","Web service tracking URL."
"URL Web Service (envío)","Web service URL (send)"
"URL Web Service (recogida)","Web service URL (pickup)"
"URL Web Service (seguimiento)","Web service URL (tracking)"
"Usuario","User"
"Usuario:","User:"
"Utilidad mediante la que grabaremos nuestros pedidos de forma masiva.","Utility through which we will record our orders in bulk."
"Utilidad mediante la que imprimiremos el resumen de nuestros pedidos.","Utility through which we print the summary of our orders."
"Utilidad mediante la que reimprimiremos cualquier etiqueta generada previamente.","Utility through which we will reprint any previously generated label"
"Utilidad que nos permite cobrar un importe contrareembolso.","Utility that allows us to charge a cash on delivery amount."
"Utilidad que nos permite copiar los datos del remitente al destinatario, en caso de que sea una devolución.","Utility that allows us to copy the data from the sender to the recipient, in case it is a return."
"Utilidad que nos permite rellenar automáticamente la sección remitente con los datos del remitente seleccionado en el apartado inferior.","Utility that allows us to automatically fill in the sender section with the data of the sender selected in the lower section."
"Utilidades","Utilities"
"VACÍO","EMPTY"
"Validar Credenciales","Validate Credentials"
"Valor a cobrar por el método contrareembolso.","Value to be charged for the cash on delivery method."
"Valor asegurado","Insured value"
"Valor contrareembolso","Cash on delivery value"
"Ya puede hacer seguimiento de su pedido con referencia ","You can now follow your order with reference "
"Zona:","Zone:"
"Zona: Otras zonas","Zone: Other zones"
"¡Sin compromiso!","Without obligation!"
"¿Borrar datos?","Delete data?"
"¿Eres cliente?","Are you Already a customer?"
"¿Estas seguro de borrar el código de cliente y sus remitentes asociados?","Are you sure to delete the client code and its associated senders?"
"¿Estas seguro de borrar el remitente?","Are you sure you want to delete the sender?"
"¿Estás seguro querer que le visite un comercial?","Are you sure you want to visit a sales representative?"
"¿Guardar datos de pedido?","Save order data?"
"Órdenes","Orders"
"Últimas peticiones","Latest requests"
"Último","Last"
