" (* La fecha seleccionada será la fecha para la que se grabaron los  pedidos)  ","  (* La fecha seleccionada será la fecha para la que se grabaron los  pedidos)"
" (*Los pedidos que no tengan la opción de reimprimir la etiqueta ya  han pasado el periodo de validez de 7 días desde  su  grabación.)","(*Los pedidos que no tengan la opción de reimprimir la etiqueta ya  han pasado el periodo de validez de 7 días desde su  grabación.)"
" (filtrado de un total de _MAX_ registros)  ","  (filtrado de un total de _MAX_ registros)"
" **Los pedidos que no se pueden seleccionar ya tienen número de  envío. solo se podrán reimprimir las etiquetas. (Ya se  encuentran grabados)    "," **Los pedidos que no se pueden seleccionar ya tienen número de  envío. solo se podrán reimprimir las etiquetas. (Ya se  encuentran grabados)"
" *El servicio de entrega en oficinas no se puede realizar con importe de  reembolso.  ","  *El servicio de entrega en oficinas no se puede realizar con importe de  reembolso."
" 612345789","612345789"
" : Activar para ordenar la columna de manera ascendente  ","  : Activar para ordenar la columna de manera ascendente"
" : Activar para ordenar la columna de manera descendente  ","  : Activar para ordenar la columna de manera descendente"
" A elegir entre: Adhesiva medio folio y térmica.    "," A elegir entre: Adhesiva medio folio y térmica."
" Acceso, rectificación, supresión, cancelación,  limitación y portabilidad de los datos.","Acceso, rectificación, supresión, cancelación,  limitación y portabilidad de los datos."
" Acciones  ","  Acciones"
" Acepto alterar la referencia de los productos en los envios.  ","  Acepto alterar la referencia de los productos en los envios."
" Activar / Desactivar  ","  Activar / Desactivar"
" Activar cambio de estado de la orden  ","  Activar cambio de estado de la orden"
" Activar cambio de estado de la orden tras grabación  ","  Activar cambio de estado de la orden tras grabación"
" Activar enlace de seguimiento en el historial de compras del cliente  ","  Activar enlace de seguimiento en el historial de compras del cliente"
" Activar la generación de archivos de log  ","  Activar la generación de archivos de log"
" Activar peso por defecto  ","  Activar peso por defecto"
" Activar tracking automático  ","  Activar tracking automático"
" Actualizar configuración de usuario  ","  Actualizar configuración de usuario"
" Actualizar código cliente","Actualizar código cliente"
" Actualizar código de cliente  ","  Actualizar código de cliente"
" Actualizar datos del usuario  ","  Actualizar datos del usuario"
" Actualizar remitente  ","  Actualizar remitente"
" Actualizar remitente defecto  ","  Actualizar remitente defecto"
" Adhesiva  ","  Adhesiva"
" Ahora tu cliente destinatario ya puede elegir cuando recibir sus compras si la franja horaria propuesta no le  conviene ","  Ahora tu cliente destinatario ya puede elegir cuando recibir sus compras si la franja horaria propuesta no le  conviene"
" AHÓRRALES ESPERAS  ","  AHÓRRALES ESPERAS"
" AHÓRRALES ESPERAS CON LA ENTREGA FLEXIBLE  ","  AHÓRRALES ESPERAS CON LA ENTREGA FLEXIBLE"
" Ajustes  ","  Ajustes"
" Al activar el tracking automático de pedidos la tienda  consultará de forma periódica en que estado se encuentra el  pedido y lo mostrará en la tabla de histórico en la  administración de las ordenes.   "," Al activar el tracking automático de pedidos la tienda  consultará de forma periódica en que estado se encuentra el  pedido y lo mostrará en la tabla de histórico en la  administración de las ordenes."
" Al activar esta opción el pedido cambiará al estado  seleccionado tras la grabación y obtención del número  de envío.  "," Al activar esta opción el pedido cambiará al estado  seleccionado tras la grabación y obtención del número  de envío."
" Anterior  ","  Anterior"
" Anulado cex  ","  Anulado cex"
" Anulado cex <span class=count">(%s)</span>  ","  Anulado cex <span class=count">(%s)</span>"
" Apartado de soporte para la descarga de informes de utilidad.  ","  Apartado de soporte para la descarga de informes de utilidad."
" Apartado en el que guardamos las credenciales facilitadas por Correos Express. En caso de no disponer de él, pongase en contacto con Correos Express.","Apartado en el que guardamos las credenciales facilitadas por Correos Express. En caso de no disponer de él, pongase en contacto con Correos Express."
" Apartado en el que vincularemos los transportistas con nuestros productos.  ","  Apartado en el que vincularemos los transportistas con nuestros productos."
" aqui","aqui"
" aquí  ","  aquí"
" Avisamos a tus clientes del estado de su envío vía SMS.    "," Avisamos a tus clientes del estado de su envío vía SMS."
" Añadir códigos  ","  Añadir códigos"
" Añadir número de envío a la orden  ","  Añadir número de envío a la orden"
" Añadir observaciones del cliente a la etiqueta  ","  Añadir observaciones del cliente a la etiqueta"
" Aún no eres cliente  ","  Aún no eres cliente"
" Borrado","Borrado"
" Borrar código cliente","Client Code deleted"
" Borrar código de cliente  ","  Borrar código de cliente"
" Borrar remitente  ","  Borrar remitente"
" Borrar  ","  Borrar"
" Borrará el envío de los registros de Correos Express","Borrará el envío de los registros de Correos Express"
" Botón desde el que guardaremos el remitente creado.  ","  Botón desde el que guardaremos el remitente creado."
" Botón desde el que guardaremos los cambios del remitente.  ","  Botón desde el que guardaremos los cambios del remitente."
" Botón mediante el que grabaremos el envío y obtendremos la  etiqueta.  ","  Botón mediante el que grabaremos el envío y obtendremos la  etiqueta."
" Botón mediante el que guardaremos nuestro remitente por defecto.","  Botón mediante el que guardaremos nuestro remitente por defecto."
" Botón para cambiar el logo en las etiquetas.","Botón para cambiar el logo en las etiquetas."
" Botón para grabar todas las ordenes seleccionadas.  ","  Botón para grabar todas las ordenes seleccionadas."
" Botón para guardar nuestra configuración de usuario.  ","  Botón para guardar nuestra configuración de usuario."
" Botón para imprimir el resumen todas los pedidos seleccionados.  ","  Botón para imprimir el resumen todas los pedidos seleccionados."
" Botón para imprimir todas las etiquetas seleccionadas.  ","  Botón para imprimir todas las etiquetas seleccionadas."
" Bultos  ","  Bultos"
" Bultos por defecto  ","  Bultos por defecto"
" BULTOS","PACKAGE"
" Buscador  ","  Buscador"
" Buscador de Oficinas  ","  Buscador de Oficinas"
" Buscador de Pedidos  ","  Buscador de Pedidos"
" Buscar  ","  Buscar"
" BUSCADOR OFICINAS"," BUSCADOR OFICINAS"
" Buscar Envíos  ","  Buscar Envíos"
" Buscar oficina"," Buscar oficina"
" Buscar oficinas  ","  Buscar oficinas"
" Buscar"," Buscar"
" Buscar:"," Buscar:"
" Cambiar Imagen  ","  Cambiar Imagen"
" Cambiar Logo de las Etiquetas"," Cambiar Logo de las Etiquetas"
" Cambio de modalidad  ","  Cambio de modalidad"
" Campo para indicar cualquier detalle de interés sobre la entrega del  pedido.  "," Campo para indicar cualquier detalle de interés sobre la entrega del  pedido."
" Campo para indicar cualquier detalle de interés sobre la recogida  del pedido. "," Campo para indicar cualquier detalle de interés sobre la recogida  del pedido."
" Campos para establecer el número de bultos y los kilos del paquete  respectivamente.  ","  Campos para establecer el número de bultos y los kilos del paquete  respectivamente."
" Cancelar  ","  Cancelar"
" Cantidad de bultos predeterminados para cada envío. este valor  podrá ser modificado más adelante en el detalle del pedido. "," Cantidad de bultos predeterminados para cada envío. este valor  podrá ser modificado más adelante en el detalle del pedido."
" Cantidad de kilos predeterminados para cada envío. este valor  podrá ser modificado más adelante en el detalle del pedido.  "," Cantidad de kilos predeterminados para cada envío. este valor  podrá ser modificado más adelante en el detalle del pedido."
" Cargando...  ","  Cargando..."
" Cerrar  ","  Cerrar"
" Cerrar el formulario, sin guardar.  "," Cerrar el formulario, sin guardar."
" CEX Ajustes  ","  CEX Ajustes"
" CEX Opciones  ","  CEX Opciones"
" CEX Utilidades  ","  CEX Utilidades"
" Ciudad  ","  Ciudad"
" Click para seleccionar  ","  Click para seleccionar"
" CLIENTE  ","  CLIENTE"
" Cod Oficina  ","  Cod Oficina"
" Cod. Cli.  ","  Cod. Cli."
" COD. OFICINA  ","  COD. OFICINA"
" Codigo entregado por Correos Express. consta de 9 dígitos. En caso de no disponer de él pongase en contacto con Correos Express.  "," Codigo entregado por Correos Express. consta de 9 dígitos. En caso de  no disponer de él pongase en contacto con Correos Express."
" Codigo de referencia del envío.","Reference code of the shipment."
" Comercial  ","  Comercial"
" Configura tú módulo  ","  Configura tú módulo"
" Configuración  ","  Configuración"
" Configuración de usuario de la tienda."," Configuración de usuario de la tienda."
" CONFIGURACIÓN DE USUARIO  ","  CONFIGURACIÓN DE USUARIO"
" Configuración de usuario única para todas las tiendas. "," Configuración de usuario única para todas las tiendas."
" Confirma el borrado  ","  Confirma el borrado"
" Confirma la operación  ","  Confirma la operación"
" Consentimiento del interesado  ","  Consentimiento del interesado"
" Contacto  ","  Contacto"
" Contrareembolso  ","  Contrareembolso"
" Copiar datos remitente  ","  Copiar datos remitente"
" Correo electrónico  ","  Correo electrónico"
" Correos Express ofrece en exclusiva y  "," Correos Express ofrece en exclusiva y"
" CORREOS EXPRESS S.L.  ","  CORREOS EXPRESS S.L."
" Correos Express  ","  Correos Express"
" CP  ","  CP"
" Crear código de cliente  ","  Crear código de cliente"
" Crear remitente  ","  Crear remitente"
" Credenciales inválidas  ","  Credenciales inválidas"
" Credencial facilitada por Correos Express. En caso de no disponer de ella  pongase en contacto con Correos Express.    "," Credencial facilitada por Correos Express. En caso de no disponer de ella  pongase en contacto con Correos Express."
" Credenciales inválidas Consulte con su Comercial   "," Credenciales inválidas Consulte con su Comercial"
" Credenciales correctas"," Credenciales correctas"
" Cuenta Conectada"," Cuenta Conectada"
" Código AT  ","  Código AT"
" Código Cliente  ","  Código Cliente"
" Código cliente  ","  Código cliente"
" Código cliente de facturación  ","  Código cliente de facturación"
" Código de cliente invalido  ","  Código de cliente invalido"
" Código de cliente no válido","  Código de cliente no válido"
" Código de cliente que se asociará al remitente. no se puede  cambiar de código asociado una vez se genere el remitente. "," Código de cliente que se asociará al remitente. no se puede  cambiar de código asociado una vez se genere el remitente."
" Código de cliente actualizado con exito"," Código de cliente actualizado con exito"
" Código de cliente sobre el que se graba el envío.  ","  Código de cliente sobre el que se graba el envío."
" Código de cliente ya existente"," Código de cliente ya existente"
" Código de Oficina:   ","  Código de Oficina: "
" Código de referencia del envío.  ","  Código de referencia del envío."
" Código entregado por Correos Express, consta de 9 dígitos. En caso de no disponer de él, pongase en contacto con Correos Express.","Código entregado por Correos Express, consta de 9 dígitos. En caso de no disponer de él, pongase en contacto con Correos Express."
" CÓDIGO ENVÍO  ","  CÓDIGO ENVÍO"
" Código Postal  ","  Código Postal"
" Código postal destino  ","  Código postal destino"
" Código postal recogida  ","  Código postal recogida"
" Código solicitante  ","  Código solicitante"
" Datos a mostrar en etiqueta  ","  Datos a mostrar en etiqueta"
" Datos a mostrar en la etiqueta.","  Datos a mostrar en la etiqueta"
" Datos de envío para la etiqueta  ","  Datos de envío para la etiqueta"
" Datos del envío  ","  Datos del envío"
" Datos personales del remitente.  ","  Datos personales del remitente."
" Debe guardar un remitente por defecto para grabar un envío.  ","  Debe guardar un remitente por defecto para grabar un envío."
" Debe haber un mínimo de dos horas de diferencia.  ","  Debe haber un mínimo de dos horas de diferencia."
" DEBE INTRODUCIR UNA REFERENCIA  ","  DEBE INTRODUCIR UNA REFERENCIA"
" Debe seleccionar al menos un elemento de la lista ","Debe seleccionar al menos un elemento de la lista "
" Debe seleccionar al menos un envio de la lista  ","  Debe seleccionar al menos un envio de la lista"
" Debe seleccionar al menos una orden  ","  Debe seleccionar al menos una orden"
" Debe seleccionar algún producto para configurar los transportistas  ","  Debe seleccionar algún producto para configurar los transportistas"
" Debe seleccionar algún producto para continuar  ","  Debe seleccionar algún producto para continuar"
" Derechos del Interesado:  ","  Derechos del Interesado:"
" Descarga de informes de las bases de datos:  ","  Descarga de informes de las bases de datos:"
" Descarga de informes para el soporte:  ","  Descarga de informes para el soporte:"
" Descarga de informes para la grabación del envió y/o recogida:"," Descarga de informes para la grabación del envió y/o recogida:"
" Descarga de informes:  ","  Descarga de informes:"
" Descarga los últimos registros de la base de datos histórico con la información de las últimas peticiones y respuestas del WS. "," Descarga los últimos registros de la base de datos histórico con la información de las últimas peticiones y respuestas del WS."
" Descarga los últimos registros de la base de datos histórico saveships y migrations con la información de las últimas peticiones y respuestas del WS.  "," Descarga los últimos registros de la base de datos histórico saveships y migrations con la información de las últimas peticiones y respuestas del WS."
" Descarga el log"," Descarga el log"
" Descargar  ","  Descargar"
" Descargar el log de la última ejecución del CRON.  ","  Descargar el log de la última ejecución del CRON."
" Descargar el log de la última petición al WS.  ","  Descargar el log de la última petición al WS."
" Descargar el log de la última respuesta del WS.  ","  Descargar el log de la última respuesta del WS."
" Descargar la ultima peticion","Download the last request"
" Descargar los errores de actualizacion","Download update errors"
" Descripción del error","Descripción del error"
" Descripción referencia(1)  ","  Descripción referencia(1)"
" Descripción referencia(2)  ","  Descripción referencia(2)"
" Desde  ","  Desde"
" Desde:  ","  Desde:"
" Desde aquí cerraremos la edición de nuestro código de  cliente sin guardar.    "," Desde aquí cerraremos la edición de nuestro código de  cliente sin guardar."
" Desde aquí guardaremos nuestro código de cliente.  ","  Desde aquí guardaremos nuestro código de cliente."
"Codigo entregado por Correos Express, consta de 9 dígitos. En caso de no disponer de él, pongase en contacto con Correos Express.","Codigo entregado por Correos Express, consta de 9 dígitos. En caso de no disponer de él, pongase en contacto con Correos Express."
" Desde(h:m)  ","  Desde(h:m)"
" Desplegable con el listado de remitentes de la tienda en curso. Siempre  vendrá seleccionado nuestro “Remitente por defecto” pudiendo  cambiarlo cuando se desee.  "," Desplegable con el listado de remitentes de la tienda en curso. Siempre  vendrá seleccionado nuestro “Remitente por defecto” pudiendo  cambiarlo cuando se desee."
" Desplegable con las posiciones posibles para el tipo de etiqueta  seleccionado.  ","  Desplegable con las posiciones posibles para el tipo de etiqueta  seleccionado."
" Desplegable con las posiciones posibles para el tipo de etiqueta seleccionado. Específico para la reimpresión de etiquetas","Desplegable con las posiciones posibles para el tipo de etiqueta seleccionado. Específico para la reimpresión de etiquetas"
" Desplegable con las tiendas disponibles. deberemos seleccionar la tienda  sobre la que queremos trabajar.   "," Desplegable con las tiendas disponibles. deberemos seleccionar la tienda  sobre la que queremos trabajar."
" Desplegable mediante el que seleccionaremos el tipo de etiqueta que queramos  obtener.  ","  Desplegable mediante el que seleccionaremos el tipo de etiqueta que queramos  obtener."
" Desplegable mediante el que seleccionaremos el tipo de etiqueta que queramos obtener. Específico para la reimpresión de etiquetas","Desplegable mediante el que seleccionaremos el tipo de etiqueta que queramos obtener. Específico para la reimpresión de etiquetas"
" Destinatarios:  ","  Destinatarios:"
" Detalle del resultado de la búsqueda de pedidos.  ","  Detalle del resultado de la búsqueda de pedidos."
" Devuelto cex  ","  Devuelto cex"
" Devuelto cex <span class=count">(%s)</span>  ","  Devuelto cex <span class=count">(%s)</span>"
" Dirección  ","  Dirección"
" Dirección de destino  ","  Dirección de destino"
" DIRECCIÓN DESTINATARIO  ","  DIRECCIÓN DESTINATARIO"
" Dirección destino  ","  Dirección destino"
" Dirección recogida  ","  Dirección recogida"
" Déjanos tus datos y te llamamos con una oferta de servicios  específica para ti.  ","  Déjanos tus datos y te llamamos con una oferta de servicios  específica para ti."
" Editar Credenciales","Editar Credenciales"
" EDITAR  ","  EDITAR"
" Ejecutar actualizaciones  ","  Ejecutar actualizaciones"
" El código %s no se ha podido crear  ","  El código %s no se ha podido crear"
" El código %s se ha agregado correctamente  ","  El código %s se ha agregado correctamente"
" El código de cliente %s no ha sido actualizado  ","  El código de cliente %s no ha sido actualizado"
" El código de cliente %s se ha actualizado correctamente  ","  El código de cliente %s se ha actualizado correctamente"
" El código de cliente debe tener 9 digitos  ","  El código de cliente debe tener 9 digitos"
" El código de cliente ha sido borrado con éxito","El código de cliente ha sido borrado con éxito"
" El código de cliente y los remitentes asociados han sido borrados correctamente  ","  El código de cliente y los remitentes asociados han sido borrado  correctamente"
" El código de cliente y sus remitentes asignados han sido borrados con éxito","El código de cliente y sus remitentes asignados han sido borrados con éxito"
" El remitente ha sido creado con exito","El remitente ha sido creado con exito"
" El código no podido ser borrado  ","  El código no podido ser borrado"
" El envío   ","  El envío "
" El envío ha sido borrado correctamente  ","  El envío ha sido borrado correctamente"
" El logo es demasiado grande, debe ser menor de 400 kB   "," El logo es demasiado grande, debe ser menor de 400 kB"
" El número de dígitos no corresponden con ningún Código Cliente  ","  El número de dígitos no corresponden con ningún Código Cliente"
" El producto CEX seleccionado no permite entrega los sábados.  ","  El producto CEX seleccionado no permite entrega los sábados."
" El remitente  %s no se ha podido crear  ","  El remitente  %s no se ha podido crear"
" El remitente  %s se ha agregado correctamente  ","  El remitente  %s se ha agregado correctamente"
" El remitente ha sido borrado correctamente  ","  El remitente ha sido borrado correctamente"
" El remitente ha sido borrado correctamente. Ahora no tiene remitentes por  defecto  ","  El remitente ha sido borrado correctamente. Ahora no tiene remitentes por  defecto"
" El remitente no ha podido ser borrado  ","  El remitente no ha podido ser borrado"
" El remitente por defecto no es válido  ","  El remitente por defecto no es válido"
" El remitente por defecto se ha actualizado correctamente  ","  El remitente por defecto se ha actualizado correctamente"
" , el servicio de entrega en oficina de Correos.   "," , el servicio de entrega en oficina de Correos."
" El tiempo seleccionado determina con que frecuencia se actualizan los  estados de los pedidos.  ","  El tiempo seleccionado determina con que frecuencia se actualizan los  estados de los pedidos."
" ELIMINA INCERTIDUMBRE.  ","  ELIMINA INCERTIDUMBRE."
" Eliminar Imagen  ","  Eliminar Imagen"
" Eliminar seguimiento  ","  Eliminar seguimiento"
" Email  ","  Email"
" Email destinatario  ","  Email destinatario"
" Email remitente  ","  Email remitente"
" email@email.com  ","  email@email.com"
" En curso cex  ","  En curso cex"
" En curso cex <span class=count">(%s)</span>  ","  En curso cex <span class=count">(%s)</span>"
" En esta sección se pueden descargar los informes para el soporte con Correos Express.  ","  En esta sección se pueden descargar los informes para el soporte con Correos Express."
" En este formulario nos encargamos de configurar el CRON el cual se encarga  de modificar el estado del pedido automáticamente cuando se cumplan  las condiciones dadas.    "," En este formulario nos encargamos de configurar el CRON el cual se encarga  de modificar el estado del pedido automáticamente cuando se cumplan  las condiciones dadas."
" En este formulario se relacionan los transportistas con los productos de  Correos Express contratados.  ","  En este formulario se relacionan los transportistas con los productos de  Correos Express contratados."
" EN ESTOS MOMENTOS NO SE HA PODIDO CURSAR LA PETICIÓN  ","  EN ESTOS MOMENTOS NO SE HA PODIDO CURSAR LA PETICIÓN"
" Encargados del tratamiento.  ","  Encargados del tratamiento."
" ENLACE  ","  ENLACE"
" Enlace al pedido que ha provocado el error, si procede(ERROR GENERAL en caso de error genérico)","Enlace al pedido que ha provocado el error, si procede(ERROR GENERAL en caso de error genérico)"
" Enlace que abrirá la página de seguimiento de pedido de Correos Express","Enlace que abrirá la página de seguimiento de pedido de Correos Express"
" ENTREGA CUANTO ANTES.  ","  ENTREGA CUANTO ANTES."
" ENTREGA EN OFICINA DE CORREOS  ","  ENTREGA EN OFICINA DE CORREOS"
" Entrega en oficinas de correos  ","  Entrega en oficinas de correos"
" Entrega sábado  ","  Entrega sábado"
" Entregado cex  ","  Entregado cex"
" Entregado cex <span class=count">(%s)</span>  ","  Entregado cex <span class=count">(%s)</span>"
" ENVIAR  ","  ENVIAR"
" Envio  "." Envio"
" Envío "," Envío"
" Envíos con origen y/o destino Portugal  ","  Envíos con origen y/o destino Portugal"
" Error [PSDBE] al guardar el envío, referencia duplicada en la BD [SAVED]. Cambie la referencia y vuelva a intentarlo "," Error [PSDBE] al guardar el envio, referencia duplicada en la BD [SAVED].  Cambie la referencia y vuelva a intentarlo"
" Error [PSDBE] al guardar la recogida, referencia duplicada en la BD [SAVED].  Cambie la referencia y vuelva a intentarlo    "," Error [PSDBE] al guardar la recogida, referencia duplicada en la BD [SAVED].  Cambie la referencia y vuelva a intentarlo"
" Error de Código de Cliente  ","  Error de Código de Cliente"
" Error de selección  ","  Error de selección"
" Error en la respuesta. Vuelva a intentarlo más tarde","Error en la respuesta. Vuelva a intentarlo más tarde"
" ERROR GENERAL","ERROR GENERAL"
" Error Http:  ","Error Http: "
" Error no hay guardado ningún remitente por defecto  ","  Error no hay guardado ningún remitente por defecto"
" Error Validar Credenciales  ","  Error Validar Credenciales"
" Errores en la impresión de la etiqueta","Errores en la impresión de la etiqueta"
" Es una devolución  ","  Es una devolución"
" España  ","  España"
" Esta opción activa/desactiva el seguimiento de los pedidos  ","  Esta opción activa/desactiva el seguimiento de los pedidos"
" Esta opción determina si cuando el pedido se actualiza a medida que pasa por  los diferentes estados de seguimiento  ","  Esta opción determina si cuando el pedido se actualiza a medida que pasa por  los diferentes estados de seguimiento"
" Esta opción permite activar el enlace de seguimiento en la  sección pedidos.   "," Esta opción permite activar el enlace de seguimiento en la  sección pedidos."
" Esta opción permite añadir número de envío a la orden.  ","  Esta opción permite añadir número de envío a la orden."
" Esta opción permite añadir observaciones del cliente a la etiqueta.  ","  Esta opción permite añadir observaciones del cliente a la etiqueta."
" Esta orden tiene un trasportista asignado que no corresponde con ninguna modalidad de envío de CorreosExpress.  ","  Esta orden tiene un trasportista asignado que no corresponde con ninguna modalidad de envío de CorreosExpress."
" ESTADO  ","  ESTADO"
" Estado  ","  Estado"
" Estado Anulado  ","  Estado Anulado"
" Estado del pedido tras la grabación  ","  Estado del pedido tras la grabación"
" Estado Devuelto  ","  Estado Devuelto"
" Estado en curso  ","  Estado en curso"
" Estado Entregado  ","  Estado Entregado"
" Estados:  ","  Estados:"
" Este apartado nos permitirá configurar los cambios de estado  automáticos para nuestros pedidos.  ","  Este apartado nos permitirá configurar los cambios de estado  automáticos para nuestros pedidos."
" Este es la sección de configuración para módulo de  correos express. Es la parte mas importante de nuestro módulo y su  correcto funcionamiento depende de ella. ","  Este es la sección de configuración para módulo de  correos express. Es la parte mas importante de nuestro módulo y su  correcto funcionamiento depende de ella."
" Exportar a csv  ","  Exportar a csv"
" Exportar a excel  ","  Exportar a excel"
" Exportar a pdf  ","  Exportar a pdf"
" Facturacion  "," Facturacion"
" Facturación  ","  Facturación"
" FECHA  ","  FECHA"
" Fecha  ","  Fecha"
" FECHA CREACIÓN  ","  FECHA CREACIÓN"
" Fecha de grabación  ","  Fecha de grabación"
" Fecha de Recogida  ","  Fecha de Recogida"
" Fecha marcada para la entrega del pedido.  ","  Fecha marcada para la entrega del pedido."
" Fecha sobre la que realizaremos la búsqueda de pedidos.  ","  Fecha sobre la que realizaremos la búsqueda de pedidos."
" Filtro mediante el que realizar la búsqueda de nuestros pedidos.  ","  Filtro mediante el que realizar la búsqueda de nuestros pedidos."
" Finalidad:  ","  Finalidad:"
" Formato Inválido (JPG/PNG)  ","  Formato Inválido (JPG/PNG)"
" Generación de resumen de pedidos  ","  Generación de resumen de pedidos"
" Generar Envíos  ","  Generar Envíos"
" Gestiona los errores de tu pedido  ","  Gestiona los errores de tu pedido"
" GESTIONAR CÓDIGOS DE CLIENTE  ","  GESTIONAR CÓDIGOS DE CLIENTE"
" Gestión de código de cliente, un código activo por  tienda. El código de cliente activo se determina mediante el  “Remitente por defecto” de cada tienda.   "," Gestión de código de cliente. un código activo por  tienda. El código de cliente activo se determina mediante el  “Remitente por defecto” de cada tienda."
" Gestión de remitentes, podrás tener todos los que quieras. Cada tienda tendrá solo uno activo, que se determinará con el Remitente por defecto.","Gestión de remitentes, podrás tener todos los que quieras. Cada tienda tendrá solo uno activo, que se determinará con el Remitente por defecto."
" Gestión de remitentes. podrás tener todos los que quieras. La  tienda tendrá solo uno activo que se determinará con el  Remitente por defecto.   "," Gestión de remitentes. podrás tener todos los que quieras. La  tienda tendrá solo uno activo que se determinará con el  Remitente por defecto."
" Grabación masiva de pedidos  ","  Grabación masiva de pedidos"
" Grabar Envío  ","  Grabar Envío"
" Grabar Recogida  ","  Grabar Recogida"
" Guardar  ","  Guardar"
" Guardar configuración Cron "," Guardar configuración Cron"
" Guardar configuración de usuario","Guardar configuración de usuario"
" Guardar configuración del cron","Guardar configuración del cron"
" Guardar Credenciales de usuario","Guardar Credenciales de usuario"
" Guardar credenciales","Guardar credenciales"
" Guardar datos de cliente  ","  Guardar datos de cliente"
" Guardar Producto  ","  Guardar Producto"
" Guardar productos  ","  Guardar productos"
" Guardar relaciones de transportistas  ","  Guardar relaciones de transportistas"
" Guardar remitente defecto","Guardar remitente defecto"
" Guardar Remitente por defecto  ","  Guardar Remitente por defecto"
" Guardar Transportistas  ","  Guardar Transportistas"
" Guardar zonas de envío y transportistas  ","  Guardar zonas de envío y transportistas"
" Guardaremos la configuración de nuestro Cron.  ","  Guardaremos la configuración de nuestro Cron."
" Guardaremos la configuración de transportistas para utilizarlos en  nuestra tienda.  ","  Guardaremos la configuración de transportistas para utilizarlos en  nuestra tienda."
" Guardaremos los productos seleccionados para posteriormente asignarlos a  los transportistas.  "," Guardaremos los productos seleccionados para posteriormente asignarlos a  los transportistas."
" Guarde sus credenciales en un lugar seguro","Guarde sus credenciales en un lugar seguro"
" ha sido borrado correctamente  ","  ha sido borrado correctamente"
" Hacer click para ver el manual de esta sección  ","  Hacer click para ver el manual de esta sección"
" Han habido errores durante la Grabación","Han habido errores durante la Grabación"
" Han habido errores durante la reimpresión","Han habido errores durante la reimpresión"
" Hasta  ","  Hasta"
" Hasta(h:m)  ","  Hasta(h:m)"
" Hasta:  ","  Hasta:"
" HAZLES LA VIDA FÁCIL.  ","  HAZLES LA VIDA FÁCIL."
" He leído y acepto la ","He leído y acepto la "
" política de privacidad, ","política de privacidad, "
" la ","la "
" política de protección de datos ","política de protección de datos "
" y el ","y el "
" Detalle legal del formulario.","Detalle legal del formulario."
" Histórico de envios","Histórico de envios"
" Histórico Envío Correos Express  ","  Histórico Envío Correos Express"
" Hola,<br/>¿Eres cliente<br/> de <span class='CEX-text-blue'>Correos</span> <span class='CEX-text-blue'>Express</span>?"," Hola,<br/>¿Eres cliente<br/> de <span class='CEX-text-blue'>Correos</span> <span class='CEX-text-blue'>Express</span>?"
" Hora  ","  Hora"
" HORA ANTERIOR A LA ACTUAL.  ","  HORA ANTERIOR A LA ACTUAL."
" Hora desde la que está disponible para la recogida.  ","  Hora desde la que está disponible para la recogida."
" Hora hasta la que está disponible para la recogida.  ","  Hora hasta la que está disponible para la recogida."
" Hora Recogida desde  ","  Hora Recogida desde"
" Hora Recogida hasta  ","  Hora Recogida hasta"
" Horario en el que se realizará la recogida  ","  Horario en el que se realizará la recogida"
" ID  ","  ID"
" ID Entidad  ","  ID Entidad"
" ID Incremental  ","  ID Incremental"
" ID ORDEN  ","  ID ORDEN"
" Identificador  ","  Identificador"
" Imagen logo demasiado grande  ","  Imagen logo demasiado grande"
" Imprimir Etiquetas  ","  Imprimir Etiquetas"
" Imprimir resumen  ","  Imprimir resumen"
" Información básica sobre protección de datos  ","  Información básica sobre protección de datos"
" Información extra sobre el pedido.  ","  Información extra sobre el pedido."
" Información legal pertinente a mostrar  ","  Información legal pertinente a mostrar"
" Inicio  ","  Inicio"
" Intercambiar los datos con los del destinatario  ","  Intercambiar los datos con los del destinatario"
" Intercambiar los datos con los del remitente  ","  Intercambiar los datos con los del remitente"
" Intervalo de horas para la recogida.  ","  Intervalo de horas para la recogida."
" Introduzca datos de Búsqueda. ","Introduzca datos de Búsqueda."
" IR AL PEDIDO ", "IR AL PEDIDO "
" KG por defecto","KG por defecto"
" KG  ","  KG"
" Kilos  ","  Kilos"
" La configuración se ha actualizado con éxito","La configuración se ha actualizado con éxito"
" La entrega en sábados solo está disponible si se utiliza el  PAQ 14 ¿Quieres cambiar la modalidad de envío a PAQ 14?  "," La entrega en sábados solo está disponible si se utiliza el  PAQ 14 ¿Quieres cambiar la modalidad de envío a PAQ 14?"
" La información de los clientes de la etiqueta se obtiene de una de  las dos direcciones de una orden  ","  La información de los clientes de la etiqueta se obtiene de una de  las dos direcciones de una orden"
" La Orden no pertenece a un transportista CEX","La Orden no pertenece a un transportista CEX"
" La petición con referencia: ","La petición con referencia:"
" La petición de envio   ","  La petición de envio "
" La petición de envio se ha cursado con exito: ","  La petición de envio se ha cursado con éxito: "
" La petición de envio se ha cursado con éxito:  ","  La petición de envio se ha cursado con éxito: "
" La petición de recogida   ","  La petición de recogida "
" La petición de recogida se ha cursado con exito: ","La petición de recogida se ha cursado con exito: "
" La petición de recogida se ha cursado con éxito:  ","  La petición de recogida se ha cursado con éxito:"
" LA PETICIÓN HA SIDO CURSADA  ","  LA PETICIÓN HA SIDO CURSADA"
" La recogida será Automática   ","  La recogida será Automática "
" La recogida será automática  ","  La recogida será automática"
" La relación entre ambos es 1:1, es decir un transportista esta asociado a un producto. Si se cambia el producto asociado a un transportista, se modificará todo el histórico de pedidos relacionado con él.  "," La relación entre ambos es 1:1. es decir un transportista esta  asociado a un producto. Si se cambia el producto asociado a un  transportista se modificará todo el histórico de pedidos  relacionado con él."
" Las Credenciales se han actualizado con éxito","Las Credenciales se han actualizado con éxito"
" Las credenciales son correctas  ","  Las credenciales son correctas"
" Las credenciales son incorrectas","Las credenciales son incorrectas"
" Las mejores soluciones de transporte urgente para tus clientes online  ","  Las mejores soluciones de transporte urgente para tus clientes online"
" Las zonas se listan por   ","  Las zonas se listan por "
" Las zonas se listan por <strong>orden de preferencia de uso.</strong>  ","  Las zonas se listan por <strong>orden de preferencia de uso.</strong>"
" Legitimación:  ","  Legitimación:"
" Links de descarga","Links de descarga"
" Listado de los productos que tiene a su disposición Correos Express. Una selección de productos por tienda.","Listado de los productos que tiene a su disposición Correos Express. Una selección de productos por tienda."
" Listado de los productos que tiene a su disposición Correos Express.  ","  Listado de los productos que tiene a su disposición Correos Express."
" Listado de los productos que tiene a su disposición Correos Express.  Marque únicamente los productos pactados con su comercial. Si se  selecciona algún producto no contratado se producirá un error  al grabar el envío. "," Listado de los productos que tiene a su disposición Correos Express.  Marque únicamente los productos pactados con su comercial. Si se  selecciona algún producto no contratado se producirá un error  al grabar el envío."
"Listado de productos seleccionados en la sección Productos Cex.","  Listado de productos seleccionados en la sección Productos Cex."
" Localización inmediata del destinatario, en caso de ausencia    "," Localización inmediata del destinatario, en caso ausencia. "
" Los campos con   ","  Los campos con "
" Los datos de  %s no ha sido actualizado  ","  Los datos de  %s no ha sido actualizado"
" Los datos de %s se han actualizado correctamente  ","  Los datos de %s se han actualizado correctamente"
" Los datos no han sido modificados  ","  Los datos no han sido modificados"
" Los datos no se han actualizado  ","  Los datos no se han actualizado"
" Los datos se han actualizado correctamente  ","  Los datos se han actualizado correctamente"
" Los envíos a Portugal solo están disponibles si se utiliza el PAQ 24 ¿Quieres cambiar la modalidad de envío a PAQ 24?","Los envíos a Portugal solo están disponibles si se utiliza el PAQ 24 ¿Quieres cambiar la modalidad de envío a PAQ 24?"
" Los productos no se han actualizado  ","  Los productos no se han actualizado"
" Los productos se han actualizado correctamente  ","  Los productos se han actualizado correctamente"
" Los transportistas/métodos de envío son aquellos configurados en la sección Tranporte de Magento. Se debería crear un transportista para cada producto contratado, ya que un transportista solo puede tener asignado un producto"," Los transportistas/métodos de envío son aquellos configurados en la sección Tranporte de Magento. Se debería crear un transportista para cada producto contratado, ya que un transportista solo puede tener asignado un producto"
" Los transportistas/métodos de envío son aquellos configurados por Magento. ", "Los transportistas/métodos de envío son aquellos configurados por Magento. "
" Método de pago contrareembolso  ","  Método de pago contrareembolso"
" Manual Edición Código Cliente  ","  Manual Edición Código Cliente"
" Manual Edición Remitente  ","  Manual Edición Remitente"
" Manual interactivo  ","  Manual interactivo"
" Manual interactivo Grabación del pedido  ","  Manual interactivo Grabación del pedido"
" Manual interactivo Grabación masiva  ","  Manual interactivo Grabación masiva"
" Manual interactivo Reimpresión  ","  Manual interactivo Reimpresión"
" Manual interactivo Resumen pedidos  ","  Manual interactivo Resumen pedidos"
" Medio Folio  ","  Medio Folio"
" MENSAJE  ","  MENSAJE"
" . Mensaje->  ",". Mensaje-> "
" MINIMIZA LAS INCIDENCIAS.  ","  MINIMIZA LAS INCIDENCIAS."
" Minutos  ","  Minutos"
" Modalidad cambiada a PAQ 14  ","  Modalidad cambiada a PAQ 14"
" Modalidad de envío  ","  Modalidad de envío"
" Modificada relación"," Modificada relaci&ooacute"
" Modificada relación transportista, se asigna PAQ 24","Modificada relaci&ooacute;n transportista, se asigna PAQ 24"
" Modificados productos configurados, se asigna y añade PAQ 24    "," Modificados productos configurados, se asigna y añade PAQ 24"
" Mostrando registros del 0 al 0 de un total de 0 registros  ","  Mostrando registros del 0 al 0 de un total de 0 registros"
" Mostrando registros del _START_ al _END_ de un total de _TOTAL_ registros  ","  Mostrando registros del _START_ al _END_ de un total de _TOTAL_ registros"
" Mostrar _MENU_ registros  ","  Mostrar _MENU_ registros"
" Mostrar/Ocultar columnas  ","  Mostrar/Ocultar columnas"
" Método de pago contrareembolso  ","  Método de pago contrareembolso"
" MÉTODO ENVÍO - PRODUCTO","MÉTODO ENVÍO - PRODUCTO"
" Móvil  ","  Móvil"
" N. ENVÍO  ","  N. ENVÍO"
" Necesitas seleccionar una oficina para completar el pedido  ","  Necesitas seleccionar una oficina para completar el pedido"
" Necesitas tener códigos de remitente  ","  Necesitas tener códigos de remitente"
" Ninguno  ","  Ninguno"
" Ningún dato disponible en esta tabla  ","  Ningún dato disponible en esta tabla"
" No configurado  ","  No configurado"
" No corresponde a productos CEX  ","  No corresponde a productos CEX"
" No es una referencia Guardada en Base de Datos"," No es una referencia Guardada en Base de Datos"
" No hay códigos de cliente disponibles  ","  No hay códigos de cliente disponibles"
" No hay etiquetas","No hay etiquetas"
" No hay métodos mapeados  ","  No hay métodos mapeados"
" No hay productos CEX activos  ","  No hay productos CEX activos"
" No hay remitentes dados de alta  ","  No hay remitentes dados de alta"
" No hay resultados para la búsqueda  ","  No hay resultados para la búsqueda"
" No se encontraron resultados  ","  No se encontraron resultados"
" No se ha indicado el número de bultos de la orden   ","  No se ha indicado el número de bultos de la orden "
" No se ha podido establecer el remitente por defecto  ","  No se ha podido establecer el remitente por defecto"
" No se ha podido guardar el remitente por defecto","No se ha podido guardar el remitente por defecto"
" No se puede utilizar el servicio de contrareembolso con la opcion entrega en oficina activada  ","  No se puede utilizar el servicio de contrareembolso con la opcion entrega en oficina activada"
" No se puede utilizar el servicio entrega en oficina con la opcion de contrareembolso activada  ","  No se puede utilizar el servicio entrega en oficina con la opcion de contrareembolso activada"
" NO TIENES ACCESO A ESTA SECCIÓN  ","  NO TIENES ACCESO A ESTA SECCIÓN"
" No tienes productos para enviar los sábados.  ","  No tienes productos para enviar los sábados."
" NOMBRE  ","  NOMBRE"
" Nombre  ","  Nombre"
" Nombre:","Nombre:"
" NOMBRE DESTINATARIO  ","  NOMBRE DESTINATARIO"
" Nombre destinatario  ","  Nombre destinatario"
" Nombre remitente  ","  Nombre remitente"
" NÚMERO DE BULTOS NO PERMITIDO  ","  NÚMERO DE BULTOS NO PERMITIDO"
" Número de bultos no permitido  ","  Número de bultos no permitido"
" Número de bultos por defecto  ","  Número de bultos por defecto"
" Número de orden del pedido que ha provocado el error de reimpresión, si procede (000 en caso de error genérico)","Número de orden del pedido que ha provocado el error de reimpresión, si procede (000 en caso de error genérico)"
" Observaciones entrega  ","  Observaciones entrega"
" Observaciones recogida  ","  Observaciones recogida"
" Oficina  ","  Oficina"
" Oficina para la entrega  ","  Oficina para la entrega"
" Oficina seleccionada  ","  Oficina seleccionada"
" OPCIONES CRON  ","  OPCIONES CRON"
" orden de preferencia de uso.  ","  orden de preferencia de uso."
" Ordenes ","Ordenes"
" Orden:  ","  Orden:"
" Orden: Extra  ","  Orden: Extra"
" Orden: Otras zonas  ","  Orden: Otras zonas"
" Pago contrarrembolso", "Pago contrarrembolso"
" Pagos por cheque  ","  Pagos por cheque"
" Pagos por transferencia bancaria  ","  Pagos por transferencia bancaria"
" Para guardar los datos del remitente primero hay que añadir un  código de cliente. "," Para guardar los datos del remitente primero hay que añadir un  código de cliente."
" PARA LA ENTREGA EN OFICINA ES NECESARIO INTRODUCIR EL TELÉFONO MÓVIL  ","  PARA LA ENTREGA EN OFICINA ES NECESARIO INTRODUCIR EL TELÉFONO MÓVIL"
" Para poder realizar el pedido es necesario seleccionar una oficina  ","  Para poder realizar el pedido es necesario seleccionar una oficina"
" Password  ","  Password"
" País  ","  País"
" País de destino del pedido, el CP del destinatario debe pertenecer al  país seleccionado.   "," País de destino del pedido, el CP del destinatario debe pertenecer al  país seleccionado."
" País destino  ","  País destino"
" País recogida  ","  País recogida"
" Pedido GRABADO  ","  Pedido GRABADO"
" Persona contacto  ","  Persona contacto"
" Peso por defecto   ","  Peso por defecto "
" Peso","Peso"
" Población  ","  Población"
" Población destino  ","  Población destino"
" Población recogida  ","  Población recogida"
" Porque hay cosas que no pueden esperar, entregamos tu pedido en sábado.    "," Porque hay cosas que no pueden esperar, entregamos tu pedido en sábado."
" Portugal  ","  Portugal"
" Posición de etiqueta","Posición de etiqueta"
" Posición de la etiqueta  ","  Posición de la etiqueta"
" Primero  ","  Primero"
" Procesando...  ","  Procesando..."
" Product  ","  Product"
" PRODUCTO CEX","PRODUCTO CEX"
" PRODUCTOS CEX  ","  PRODUCTOS CEX"
" Quitar remitente de las etiquetas  ","  Quitar remitente de las etiquetas"
" Recogida Desde  ","  Recogida Desde"
" Recogida desde  ","  Recogida desde"
" REF ENVÍO  ","  REF ENVÍO"
" Ref.Pedido  ","  Ref.Pedido"
" REFERENCIA  ","  REFERENCIA"
" Referencia de envío  ","  Referencia de envío"
" Referencias para las ordenes  ","  Referencias para las ordenes"
" Registro Envío Correos Express  ","  Registro Envío Correos Express"
" REGÁLALES TRANQUILIDAD.  ","  REGÁLALES TRANQUILIDAD."
" Reimpresión de etiquetas  ","  Reimpresión de etiquetas"
" Reimprimir","Reimprimir"
" Reimprimirá las etiquetas del envío de esa fila de la tabla con el tipo y posicion determinado en los desplegables inferiores","Reimprimirá las etiquetas del envío de esa fila de la tabla con el tipo y posicion determinado en los desplegables inferiores"
" Reimprimirá las etiquetas que se hayan seleccionado en la tabla de grabaciones del tipo seleccionado en los desplegables","Reimprimirá las etiquetas que se hayan seleccionado en la tabla de grabaciones del tipo seleccionado en los desplegables"
" Reiniciaremos el formulario.  ","  Reiniciaremos el formulario."
" RELACIONAR ZONAS DE ENVÍO Y TRANSPORTISTAS  ","  RELACIONAR ZONAS DE ENVÍO Y TRANSPORTISTAS"
" Remitente por defecto  ","  Remitente por defecto"
" Remitente actualizado con exito","Remitente actualizado con exito"
" REMITENTE: CP NO ENCONTRADO","REMITENTE: CP NO ENCONTRADO"
" REMITENTES  ","  REMITENTES"
" Remitentes  ","  Remitentes"
" Responsable:  ","  Responsable:"
" Respuesta WS  ","  Respuesta WS"
" Resto de campos con información del destinatario.  ","  Resto de campos con información del destinatario."
" Resto de campos con información del remitente.  ","  Resto de campos con información del remitente."
" se ha cursado con exito:   ","  se ha cursado con exito: "
" se ha encontrado un error en los datos  ","  se ha encontrado un error en los datos"
" Sección de datos referente al destinatario.  ","  Sección de datos referente al destinatario."
" Sección de datos referente al remitente.  ","  Sección de datos referente al remitente."
" Seguimiento  ","  Seguimiento"
" Selecciona la fecha de la que quieres imprimir el resumen de pedidos  ","  Selecciona la fecha de la que quieres imprimir el resumen de pedidos"
" Selecciona la fecha de la que quieres ver los pedidos  ","  Selecciona la fecha de la que quieres ver los pedidos"
" Selecciona la oficina para entrega  ","  Selecciona la oficina para entrega"
" Selecciona un estado  ","  Selecciona un estado"
" Seleccionable de los productos activos seleccionados en la  configuración por usted.  ","  Seleccionable de los productos activos seleccionados en la  configuración por usted."
" Seleccionar  ","  Seleccionar"
" Seleccionar remitente por defecto  ","  Seleccionar remitente por defecto "
" Seleccionar todos  ","  Seleccionar todos"
" Seleccionaremos todos los pedidos de la tabla.  ","  Seleccionaremos todos los pedidos de la tabla."
" Seleccione el método de pago contra reembolso en caso de que se  utilice esta modalidad, en caso contrario seleccione  - Ninguno"," Seleccione el método de pago contra reembolso en caso de que se  utilice esta modalidad en caso contrario seleccione  - Ninguno"
" Seleccione el tipo de ejecución del cambio de estados  ","  Seleccione el tipo de ejecución del cambio de estados"
" Seleccione el tipo de Etiqueta  ","  Seleccione el tipo de Etiqueta"
" Seleccione la posición de la Etiqueta  ","  Seleccione la posición de la Etiqueta"
" Seleccione un país  ","  Seleccione un país"
" Seleccione un remitente  ","  Seleccione un remitente"
" Seleccione una dirección de destino  ","  Seleccione una dirección de destino"
" Seleccione una modalidad de envío  ","  Seleccione una modalidad de envío"
" Selección de Etiquetas para la reimpresión.  Específico para la reimpresión de etiquetas","Selección de Etiquetas para la reimpresión.  Específico para la reimpresión de etiquetas"
" Selección del remitente por defecto.irá asociado a la tienda  en la que se encuentre y solo a ella. Este será el remitente que  utilizará la tienda en los pedidos. Es un campo obligatorio."   ," Selección del remitente por defecto. irá asociado a la tienda  en la que se encuentre y solo a ella. Este será el remitente que  utilizará la tienda en los pedidos. Es un campo obligatorio."
" Servicio Especializados en tus compradores Online  ","  Servicio Especializados en tus compradores Online"
" SERVICIO GRATUITO INCLUIDO EN EL PAQ 24H  ","  SERVICIO GRATUITO INCLUIDO EN EL PAQ 24H"
" Servicio gratuito incluido en tu envío PAQ24H  ","  Servicio gratuito incluido en tu envío PAQ24H"
" Si el pedido está asegurado, aquí se introducirá el  importe del mismo. "," Si el pedido está asegurado, aquí se introducirá el  importe del mismo."
" Si hay varias zonas con un valor de 0 en el orden, el orden de preferencia es de arriba a abajo  "," Si hay varias zonas con un valor de 0 en el orden, el orden de preferencia es de arriba a abajo."
" Si marca esta opción, las etiquetas se generarán con un remitente alternativo.","Si marca esta opción, las etiquetas se generarán con un remitente alternativo."
" Si marca esta opción, las etiquetas se generarán sin remitente. "," Si marca esta opción, las etiquetas se generarán sin remitente."
" Si no están en casa, contactamos con ellos para una segunda entrega.  Gestión proactiva de incidencias. "," Si no están en casa, contactamos con ellos para una segunda entrega.  Gestión proactiva de incidencias."
" Si se activa, actualizará el estado de la orden en función del  CRON y la selección de estados realizada.   "," Si se activa, actualizará el estado de la orden en función del  CRON y la selección de estados realizada."
" Si selecciona esta opción, se generarán los archivos de log del cron y se añadirá una pestaña de soporte    "," Si selecciona esta opción, se generarán los archivos de log del cron y se añadirá una pestaña de soporte"
" Siguiente  ","  Siguiente"
" sin coste adicional  ","  sin coste adicional"
" SKU  ","  SKU"
" Solo seleccionar esta opción en caso de necesitar envío con  recogida.  ","  Solo seleccionar esta opción en caso de necesitar envío con  recogida."
" son requeridos.","  son requeridos."
" SOPORTE  ","  SOPORTE"
" Soporte Rápido  ","  Soporte Rápido"
" Soy Nuevo, ¡Llamadme!   "," Soy Nuevo, ¡Llamadme!"
" Su selección permite la reimpresión de las etiquetas de ese envío al pulsar el botón Reimprimir","Su selección permite la reimpresión de las etiquetas de ese envío al pulsar el botón Reimprimir"
" Suba una imagen para el logo por favor  ","  Suba una imagen para el logo por favor"
" Suba una imagen válida por favor (jpg-gif-png) y menor de 400kB   "," Suba una imagen válida por favor (jpg-gif-png) y menor de 400kB"
" Subir Imagen   ","  Subir Imagen "
" Subtotal  ","  Subtotal"
" Sí, configurar mi módulo    "," Sí, configurar mi módulo"
" Tabla de errores de reimpresión, tanto a nivel de petición como a nivel de etiqueta","Tabla de errores de reimpresión, tanto a nivel de petición como a nivel de etiqueta"
" Tabla en la que podremos consultar el histórico del pedido.  ","  Tabla en la que podremos consultar el histórico del pedido."
" Tabla en la que se nos muestran nuestros codigos de cliente, asi como los botones de borrado y modificación del mismo.","Tabla en la que se nos muestran nuestros codigos de cliente, asi como los botones de borrado y modificación del mismo."
" Tabla en la que se nos muestran nuestros códigos de cliente, asi como  los botones de borrado y modificación del mismo. "," Tabla en la que se nos muestran nuestros códigos de cliente, asi como  los botones de borrado y modificación del mismo."
" Tabla que muestra todos los remitentes creados para la tienda en curso.  ","  Tabla que muestra todos los remitentes creados para la tienda en curso."
" tarea cex  ","  tarea cex"
" Teléfono  ","  Teléfono"
" Teléfono de contacto *  ","  Teléfono de contacto *"
" Teléfono destinatario  ","  Teléfono destinatario"
" Teléfono fijo  ","  Teléfono fijo"
" Teléfono remitente  ","  Teléfono remitente"
" Termica","Térmica"
" Texto Alternativo  ","  Texto Alternativo"
" Tfn. Fijo  ","  Tfn. Fijo"
" Tfn. Móvil  ","  Tfn. Móvil"
" Tiempo de Actualización de los Estados  ","  Tiempo de Actualización de los Estados"
" Tipo  ","  Tipo"
" Tipo de ejecución del cron  ","  Tipo de ejecución del cron"
" Tipo de etiqueta  ","  Tipo de etiqueta"
" Tipo de etiqueta por defecto  ","  Tipo de etiqueta por defecto"
" Total  ","  Total"
" Transportistas  ","  Transportistas"
" Transportistas Advanced Free Shipping  ","  Transportistas Advanced Free Shipping"
" Térmica  ","  Térmica"
" URL del web service de envío.  ","  URL del web service de envío."
" URL del web service de recogida.  ","  URL del web service de recogida."
" URL del web service de seguimiento de envío.  ","  URL del web service de seguimiento de envío."
" URL Web Service (envío)  ","  URL Web Service (envío)"
" URL Web Service (recogida)  ","  URL Web Service (recogida)"
" URL Web Service (seguimiento)","URL Web Service (seguimiento)"
" Usuario  ","  Usuario"
" Usuario:","Usuario:"
" Utilidad mediante la que grabaremos nuestros pedidos de forma masiva.  ","  Utilidad mediante la que grabaremos nuestros pedidos de forma masiva."
" Utilidad mediante la que imprimiremos el resumen de nuestros pedidos.  ","  Utilidad mediante la que imprimiremos el resumen de nuestros pedidos."
" Utilidad mediante la que reimprimiremos cualquier etiqueta generada  previamente.  ","  Utilidad mediante la que reimprimiremos cualquier etiqueta generada  previamente."
" Utilidad que nos permite cobrar un importe contrareembolso.  ","  Utilidad que nos permite cobrar un importe contrareembolso."
" Utilidad que nos permite copiar los datos del remitente al destinatario, en  caso de que sea una devolución.    "," Utilidad que nos permite copiar los datos del remitente al destinatario, en  caso de que sea una devolución."
" Utilidad que nos permite rellenar automáticamente la sección  remitente con los datos del remitente seleccionado en el apartado inferior." ,  "Utilidad que nos permite rellenar automáticamente la sección  remitente con los datos del remitente seleccionado en el apartado inferior."
" Utilidades  ","  Utilidades"
" VACÍO  ","  VACÍO"
" Validar Credenciales  ","  Validar Credenciales"
" Valor a cobrar por el método contrareembolso.  ","  Valor a cobrar por el método contrareembolso."
" Valor asegurado  ","  Valor asegurado"
" Valor contrareembolso  ","  Valor contrareembolso"
" Ya puede hacer seguimiento de su pedido con referencia   ","  Ya puede hacer seguimiento de su pedido con referencia "
" Zona:  ","  Zona:"
" Zona: Otras zonas  ","  Zona: Otras zonas"
" ¡Sin compromiso!  ","  ¡Sin compromiso!"
" ¿Borrar datos?","Borrar Datos?"
" ¿Eres cliente?  ","  ¿Eres cliente?"
" ¿Estas seguro de borrar el código de cliente y sus remitentes  asociados?  ","  ¿Estas seguro de borrar el código de cliente y sus remitentes  asociados?"
" ¿Estas seguro de borrar el remitente?  ","  ¿Estas seguro de borrar el remitente?"
" ¿Estás seguro querer que le visite un comercial?  ","  ¿Estás seguro querer que le visite un comercial?"
" ¿Guardar datos de pedido?  ","  ¿Guardar datos de pedido?"
" Órdenes  ","  Órdenes"
" Últimas peticiones  ","  Últimas peticiones"
" Último  ","  Último"
