"(* La fecha seleccionada será la fecha para la que se grabaron los pedidos)","(* A data seleccionada será a data para a qual as ordens de compra foram salvadas)."
"(*Los pedidos que no tengan la opción de reimprimir la etiqueta ya han pasado el periodo de validez de 7 días desde su grabación.)","(*As encomendas que não têm a opção de reimprimir a etiqueta já passaram o período de validade de 7 dias a partir da sua gravação)."
"(filtrado de un total de _MAX_ registros)","(filtrado a partir de um total de registos _MAX_)"
"**Los pedidos que no se pueden seleccionar ya tienen número de envío, solo se podrán reimprimir las etiquetas. (Ya se encuentran grabados)","**Os pedidos que não podem ser seleccionados já têm um número de expedição, apenas as etiquetas podem ser reimpressas. (Já estão gravados)"
"*El servicio de entrega en oficinas no se puede realizar con importe de reembolso.","*O serviço de entrega em escritórios não pode ser realizado com o montante de reembolso."
"612345789","612345789"
": Activar para ordenar la columna de manera ascendente",": Activar para ordenar a coluna em ordem ascendente."
": Activar para ordenar la columna de manera descendente",": Activar para ordenar a coluna por ordem decrescente."
"A elegir entre: Adhesiva, medio folio y térmica.","Escolha entre: Adesivo, meia folha e térmico."
"Acceso, rectificación, supresión, cancelación, limitación y portabilidad de los datos.","Acesso, rectificação, apagamento, cancelamento, limitação e portabilidade dos dados."
"Acciones","Acções"
"Acepto alterar la referencia de los productos en los envios.","Concordo em alterar a referência dos produtos nos envios."
"Activar / Desactivar","Habilitar / Desabilitar"
"Activar cambio de estado de la orden","Activar a alteração do estado da encomenda"
"Activar cambio de estado de la orden tras grabación","Activar a alteração do estado da encomenda após salvar"
"Activar enlace de seguimiento en el historial de compras del cliente","Activar o link de rastreio no histórico de compras do cliente"
"Activar la generación de archivos de log","Permitir a geração de arquivos de log"
"Activar peso por defecto","Activar o peso por defeito"
"Activar tracking automático","Activar o seguimento automático"
"Actualizar configuración de usuario","Actualização das definições do utilizador"
"Actualizar código cliente","Manter o Código do Cliente"
"Actualizar código de cliente","Manter o código do cliente"
"Actualizar datos del usuario","Manter os dados do utilizador"
"Actualizar remitente","Actualização do remetente"
"Actualizar remitente defecto","Manter o remetente por defeito"
"Adhesiva","Adhesiva"
"Ahora tu cliente destinatario ya puede elegir cuando recibir sus compras si la franja horaria propuesta no le conviene","Agora o seu cliente destinatário pode escolher quando receber as suas compras, se o horário proposto não lhe convier."
"AHÓRRALES ESPERAS","SALVE ELES ESPERANDO"
"AHÓRRALES ESPERAS CON LA ENTREGA FLEXIBLE","POUPA-LHES TEMPO DE ESPERA COM ENTREGA FLEXÍVEL"
"Ajustes","Configurações"
"Al activar el tracking automático de pedidos, la tienda consultará de forma periódica en que estado se encuentra el pedido y lo mostrará en la tabla de histórico en la administración de las ordenes.","Ao activar o seguimento automático das encomendas, a loja verificará periodicamente o estado da encomenda e mostrá-la-á na tabela de histórico na administração da encomenda."
"Al activar esta opción, el pedido cambiará al estado seleccionado tras la grabación y obtención del número de envío.","Ao activar esta opção, a encomenda mudará para o estado seleccionado após guardar e obter o número de envio."
"Anterior","Anterior"
"Anulado cex","Cex cancelado"
"Anulado cex <span class=count">(%s)</span>","Cex cancelado <span class="count">(%s)</span>"
"Apartado de soporte para la descarga de informes de utilidad.","Seção de suporte para download de relatórios de utilitários."
"Apartado en el que guardamos las credenciales facilitadas por Correos Express. En caso de no disponer de él, pongase en contacto con Correos Express.","Secção na qual guardamos as credenciais fornecidas pela Correos Express. Caso não possua, entre em contato com a Correos Express."
"Apartado en el que vincularemos los transportistas con nuestros productos. Solo apareceran los transportistas vinculados a la tienda en curso.","Seção na qual conectaremos as operadoras aos nossos produtos. Apenas as operadoras vinculadas à loja atual irão aparecer."
"aqui","aqui"
"aquí","aquí"
"Avisamos a tus clientes del estado de su envío, vía SMS.","Notificamos os seus clientes sobre o estado do seu envio via SMS."
"Añadir códigos","adicionar códigos"
"Añadir número de envío a la orden","Adicione o número de envio ao pedido"
"Añadir observaciones del cliente a la etiqueta","Adicionar feedback do cliente à tag"
"Aún no eres cliente","Ainda não é um cliente"
"Borrado","Apagado"
"Borrar código cliente","Eliminar o código do cliente"
"Borrar código de cliente","Eliminar o código do cliente"
"Borrar remitente","Eliminar remetente"
"Borrar","Apagar"
"Borrará el envío de los registros de Correos Express","Ele excluirá a remessa dos registros dos Correos Express"
"Botón desde el que guardaremos el remitente creado.","Botão a partir do qual salvaremos o remetente criado."
"Botón desde el que guardaremos los cambios del remitente.","Botão a partir do qual salvaremos as alterações do remetente."
"Botón mediante el que grabaremos el envío y obtendremos la etiqueta.","Botão através do qual gravaremos o envio e obteremos a etiqueta."
"Botón mediante el que guardaremos nuestro remitente por defecto.", "Botão através do qual salvaremos nosso remetente por padrão."
"Botón para cambiar el logo en las etiquetas.","Botão para alterar o logótipo nas etiquetas."
"Botón para grabar todas las ordenes seleccionadas.","Botão para salvar todas as encomendas seleccionadas."
"Botón para guardar nuestra configuración de usuario.","Botão para salvar nossas configurações de usuário."
"Botón para imprimir el resumen todas los pedidos seleccionados.","Botão para imprimir o resumo de todas as encomendas seleccionadas."
"Botón para imprimir todas las etiquetas seleccionadas.","Botão para imprimir todas as etiquetas seleccionadas."
"Bultos","Bultos"
"Bultos por defecto","Bultos por defeito"
"BULTOS","BULTOS"
"Buscador","Motor de busca"
"Buscador de Oficinas","Localizador de escritórios"
"Buscador de Pedidos","Localizador de encomendas"
"Buscar  ","Pesquisar"
"BUSCADOR OFICINAS","DESCOBRIDOR DE BRANCOS"
"Buscar Envíos","Pesquisar Envios"
"Buscar oficina","Encontrar um gabinete"
"Buscar oficinas","Encontrar um escritório"
"Buscar","Pesquisar"
"Buscar:","Pesquisar:"
"Cambiar Imagen","Mudar a imagem"
"Cambiar Logo de las Etiquetas","Mudar o logótipo do rótulo"
"Cambio de modalidad","Mudança de modalidade"
"Campo para indicar cualquier detalle de interés, sobre la entrega del pedido.","Campo para indicar quaisquer detalhes de interesse, sobre a entrega da encomenda."
"Campo para indicar cualquier detalle de interés, sobre la recogida del pedido.","Campo para indicar quaisquer detalhes de interesse, sobre a recolha da encomenda."
"Campos para establecer el número de bultos y los kilos del paquete respectivamente.","Campos para definir o número de pacotes e os quilos do pacote, respectivamente."
"Cancelar","Anular"
"Cantidad de bultos predeterminados para cada envío, este valor podrá ser modificado más adelante en el detalle del pedido.","Quantidade predefinida de pacotes para cada remessa, este valor pode ser modificado mais tarde no detalhe da encomenda."
"Cantidad de kilos predeterminados para cada envío, este valor podrá ser modificado más adelante en el detalle del pedido.","Quantidade de quilos pré-determinada para cada remessa, este valor pode ser modificado posteriormente nos detalhes da encomenda."
"Cargando...","Carregamento..."
"Cerrar","Fechar"
"Cerrar el formulario, sin guardar.","Fechar o formulário, sem salvar."
"CEX Ajustes","Configurações CEX"
"CEX Opciones","Opções CEX"
"CEX Utilidades","Utilidades CEX"
"Ciudad","Cidade"
"Click para seleccionar","Clique para seleccionar"
"CLIENTE","CLIENTE"
"Cod Oficina","Código do escritório"
"Cod. Cli.","Código Cliente."
"COD. OFICINA","CÓDIGO DE TALLER"
"Codigo entregado por Correos Express. consta de 9 dígitos. En caso de  no disponer de él pongase en contacto con Correos Express.","Código entregue pela Correos Express. É composto por 9 dígitos. Caso não possua, entre em contato com a Correos Express."
"Codigo de referencia del envío.","Código de referência do envio."
"Comercial","Comercial"
"Configura tú módulo","Configura tú módulo"
"Configuración","Configuração"
"Configuración de usuario de la tienda.","Configurações do utilizador da loja."
"CONFIGURACIÓN DE USUARIO","CONFIGURAÇÃO DO UTILIZADOR"
"Configuración de usuario, única para todas las tiendas.","Configuração do usuário, exclusiva para todas as lojas."
"Confirma el borrado","Confirmar eliminação"
"Confirma la operación","Confirmar a operação"
"Consentimiento del interesado","Consentimento da pessoa em questão"
"Contacto","Contato"
"Contrareembolso","Contra-reembolso"
"Copiar datos remitente","Copiar dados do remetente"
"Correo electrónico","Endereço electrónico"
"Correos Express ofrece, en exclusiva y ","Correos Express oferece, exclusivamente e "
"CORREOS EXPRESS S.L.","CORREOS EXPRESS S.L."
"Correos Express","Correos Express"
"CP","ZIP"
"Crear código de cliente","Criar código de cliente"
"Crear remitente","Criar Remetente"
"Credencial facilitada por Correos Express. En caso de no disponer de ella, pongase en contacto con Correos Express.","Credencial fornecida pela Correos Express. Caso não possua, entre em contato com a Correos Express."
"Credenciales inválidas","Credenciais inválidas"
"Credenciales inválidas, Consulte con su Comercial","Credenciais inválidas, verifique com seu representante de vendas"
"Credenciales correctas","Credenciais correctas"
"Cuenta Conectada","Conta Conectada"
"Código AT","Código AT"
"Código Cliente","Código do cliente"
"Código cliente","Código do cliente"
"Código cliente de facturación","Código de facturação do cliente"
"Código de cliente invalido","Código de cliente inválido"
"Código de cliente no válido","Código de cliente inválido"
"Código de cliente que se asociará al remitente, no se puede cambiar de código asociado una vez se genere el remitente.","Código do cliente que será associado ao remetente, não se pode alterar o código associado uma vez que o remetente seja gerado."
"Código de cliente actualizado con exito","Código do cliente actualizado com sucesso"
"Código de cliente sobre el que se graba el envío.","Código do cliente no qual o envio é salvado."
"Código de cliente ya existente","Código do cliente existente"
"Código de Oficina: ","Código do Escritório: "
"Código de referencia del envío.","Código de referência do envio."
"Código entregado por Correos Express, consta de 9 dígitos. En caso de no disponer de él, pongase en contacto con Correos Express.","O código entregue pelos Correos Express, consiste em 9 dias. Se não tem él, por favor contacte Correos Express."
"CÓDIGO ENVÍO","CÓDIGO DE ENVIO"
"Código Postal","Código postal"
"Código postal destino","Código postal de destino"
"Código postal recogida","Código postal recolhido"
"Código solicitante","Código do candidato"
"Datos a mostrar en etiqueta","Dados a serem exibidos no rótulo"
"Datos a mostrar en la etiqueta.","Dados a serem mostrados no rótulo."
"Datos de envío para la etiqueta","Informação sobre o envio do rótulo"
"Datos del envío","Dados de expedição"
"Datos personales del remitente.","Dados pessoais do remetente."
"Debe guardar un remitente por defecto para grabar un envío.","Você deve salvar um remetente padrão para registrar uma remessa."
"Debe haber un mínimo de dos horas de diferencia.","Deve haver uma diferença mínima de duas horas."
"DEBE INTRODUCIR UNA REFERENCIA.","VOCÊ DEVE INSERIR UMA REFERÊNCIA."
"Debe seleccionar al menos un elemento de la lista ","Você deve selecionar pelo menos um item da lista "
"Debe seleccionar al menos un envio de la lista","Deve seleccionar pelo menos uma remessa da lista."
"Debe seleccionar al menos una orden","Você deve selecionar pelo menos um pedido"
"Debe seleccionar algún producto para configurar los transportistas","Você deve selecionar um produto para configurar as operadoras"
"Debe seleccionar algún producto para continuar","Você deve selecionar um produto para continuar"
"Derechos del Interesado:","Direitos das partes interessadas:"
"Descarga de informes de las bases de datos:","Baixe relatórios de bancos de dados:"
"Descarga de informes para el soporte:  ","Baixe relatórios para suporte:  "
"Descarga de informes para la grabación del envió y/o recogida:","Baixando relatórios para registrar a remessa e / ou coleta:"
"Descarga de informes:","Baixar relatórios:"
"Descarga los últimos registros de la base de datos histórico, con la información de las últimas peticiones y respuestas del WS.","Baixe os registros mais recentes do banco de dados histórico, com as informações sobre as solicitações e respostas do WS mais recentes."
"Descarga los últimos registros de la base de datos histórico, saveships y migrations con la información de las últimas peticiones y respuestas del WS.","Baixe os últimos registros do banco de dados histórico, saveships e migrações com as informações das últimas solicitações e respostas do WS."
"Descarga el log","Descarregar o registo"
"Descargar","Descarregar"
"Descargar el log de la última ejecución del CRON.","Baixe o log da última execução do CRON."
"Descargar el log de la última petición al WS.","Baixe o log da última solicitação para o WS."
"Descargar el log de la última respuesta del WS.","Baixe o log da última resposta do WS."
"Descargar la ultima peticion","Descarregar o último pedido"
"Descargar los errores de actualizacion","Descarregar erros de actualização"
"Descripción del error","Descrição de erro"
"Descripción referencia(1)","Descrição referência(1)"
"Descripción referencia(2)","Descrição referência(2)"
"Desde","A partir de"
"Desde:","A partir de:"
"Desde aquí cerraremos la edición de nuestro código de cliente, sin guardar.","A partir daqui vamos encerrar a edição do nosso código de cliente, sem poupar."
"Desde aquí guardaremos nuestro código de cliente.","A partir daqui, salvaremos nosso código de cliente."
"Codigo entregado por Correos Express, consta de 9 dígitos. En caso de no disponer de él, pongase en contacto con Correos Express.","Código entregue pelos Correios Express, composto por 9 dígitos. Caso não possua, entre em contato com os Correos Express."
"Desde(h:m)","A partir de(h:m)"
"Desplegable con el listado de remitentes de la tienda en curso. Siempre vendrá seleccionado nuestro “Remitente por defecto”, pudiendo cambiarlo cuando se desee.","Desistir com a lista de remetentes da loja actual. O nosso “Remetente por defeito” será sempre seleccionado, e pode ser alterado sempre que desejar."
"Desplegable con las posiciones posibles para el tipo de etiqueta seleccionado.","Desistência com as posições possíveis para o tipo de rótulo seleccionada."
"Desplegable con las posiciones posibles para el tipo de etiqueta seleccionado. Específico para la reimpresión de etiquetas","Lista suspensa com as posições possíveis para o tipo de rótulo selecionado. Específico para reimpressão de etiquetas"
"Desplegable con las tiendas disponibles, deberemos seleccionar la tienda sobre la que queremos trabajar.","Ao abandonar as lojas disponíveis, temos de seleccionar a loja em que queremos trabalhar."
"Desplegable mediante el que seleccionaremos el tipo de etiqueta que queramos obtener.","Menu drop-down para seleccionar o tipo de etiqueta que queremos obter."
"Desplegable mediante el que seleccionaremos el tipo de etiqueta que queramos obtener. Específico para la reimpresión de etiquetas","Lista suspensa através da qual selecionamos o tipo de etiqueta que queremos obter. Específico para reimpressão de etiquetas"
"Destinatarios:","Destinatários:"
"Detalle del resultado de la búsqueda de pedidos.","Detalhe do resultado da pesquisa da encomenda."
"Devuelto cex","Cex devolvido"
"Devuelto cex <span class=count">(%s)</span>  ","Cex devolvido <span class="count">(%s)</span>."
"Dirección","Endereço"
"Dirección de destino","Endereço de destino"
"DIRECCIÓN DESTINATARIO","ENDEREÇO DO DESTINATÁRIO"
"Dirección destino","Endereço de destino"
"Dirección recogida","Endereço de levantamento"
"Déjanos tus datos y te llamamos con una oferta de servicios específica para ti.","Deixe-nos os seus dados e nós telefonamos-lhe com uma oferta de serviço específica para si."
"Editar Credenciales","Editar Credenciais"
"EDITAR","EDITAR"
"Ejecutar actualizaciones","Executar actualizações"
"El código %s no se ha podido crear","O código %s não pôde ser criado."
"El código %s se ha agregado correctamente","O código %s foi adicionado com sucesso"
"El código de cliente %s no ha sido actualizado","O código do cliente %s não foi actualizado."
"El código de cliente %s se ha actualizado correctamente","O código do cliente %s foi actualizado com sucesso."
"El código de cliente debe tener 9 digitos","O código do cliente deve ter 9 dígitos"
"El código de cliente ha sido borrado con éxito","O código do cliente foi excluído com sucesso"
"El código de cliente y los remitentes asociados han sido borrados correctamente","O código do cliente e os remetentes associados foram eliminados com sucesso."
"El código de cliente y sus remitentes asignados han sido borrados con éxito","O código do cliente e os seus remetentes atribuídos foram eliminados com sucesso."
"El remitente ha sido creado con exito","O remetente foi criado com sucesso"
"El código no podido ser borrado","O código não podia ser apagado"
"El envío ","A remessa "
"El envío ha sido borrado correctamente","A remessa foi excluída com sucesso"
"El logo es demasiado grande, debe ser menor de 400 kB","O logotipo é muito grande, deve ter menos de 400 kB"
"El número de dígitos no corresponden con ningún Código Cliente","O número de dígitos não corresponde a nenhum Código de Cliente."
"El producto CEX seleccionado no permite entrega los sábados.","O produto CEX seleccionado não permite a entrega aos sábados."
"El remitente %s no se ha podido crear","O emissor %s não pôde ser criado."
"El remitente %s se ha agregado correctamente","Remetente %s foi adicionado com sucesso"
"El remitente ha sido borrado correctamente","O remetente foi eliminado com sucesso"
"El remitente ha sido borrado correctamente. Ahora no tiene remitentes por defecto","O remetente foi eliminado com sucesso. Agora não tem remetentes por defeito"
"El remitente no ha podido ser borrado","O remetente não pôde ser apagado"
"El remitente por defecto no es válido","O remetente por defeito não é válido."
"El remitente por defecto se ha actualizado correctamente","O remetente padrão foi actualizado com sucesso"
", el servicio de entrega en oficina de Correos.",", O serviço de entrega na estação dos correios."
"El tiempo seleccionado determina con que frecuencia se actualizan los estados de los pedidos.","O tempo seleccionado determina com que frequência os estados das encomendas são actualizados."
"ELIMINA INCERTIDUMBRE.","ELIMINA A INCERTEZA."
"Eliminar Imagen","Apagar imagem"
"Eliminar seguimiento.","Excluir rastreamento."
"Email","Email"
"Email destinatario","destinatário email"
"Email remitente","remetente email"
"email@email.com  ","email@email.com"
"En curso cex","Cex em curso"
"En curso cex <span class=count">(%s)</span>  ","Cex em curso <span class="count">(%s)</span>"
"En esta sección se pueden descargar los informes para el soporte con Correos Express.","Nesta seção, você pode baixar os relatórios para suporte com Corres Express."
"En este formulario nos encargamos de configurar el CRON, el cual se encarga de modificar el estado del pedido automáticamente cuando se cumplan las condiciones dadas.","Nesta forma, encarregamo-nos de configurar o CRON, que é responsável pela modificação automática do estado da encomenda quando as condições dadas são cumpridas."
"En este formulario se relacionan los transportistas con los productos de Correos Express contratados.","Este formulário lista os transportadores com os produtos dos Correos Express contratados."
"EN ESTOS MOMENTOS NO SE HA PODIDO CURSAR LA PETICIÓN","NÃO FOI POSSÍVEL APRESENTAR O PEDIDO NESTE MOMENTO."
"Encargados del tratamiento.","Processadores de dados."
"ENLACE","LINK"
"Enlace al pedido que ha provocado el error, si procede(ERROR GENERAL en caso de error genérico)","Link para o pedido que causou o erro, se aplicável (ERRO GERAL em caso de erro genérico)"
"Enlace que abrirá la página de seguimiento de pedido de Correos Express","Link que abre a página de acompanhamento de pedidos do Correos Express"
"ENTREGA CUANTO ANTES.","ENTREGA O MAIS CEDO POSSÍVEL."
"ENTREGA EN OFICINA DE CORREOS","ENTREGA NA ESTAÇÃO DOS CORREIOS"
"Entrega en oficinas de correos","Entrega nas estações dos correios"
"Entrega sábado","Entrega ao sábado"
"Entregado cex","Entregue cex"
"Entregado cex <span class=count">(%s)</span>  ","Entregue cex <span class="count">(%s)</span>."
"ENVIAR","MANDAR"
"Envio","Envio"
"Envío","Envio"
"Envíos con origen y/o destino Portugal","Remessas com origem e / ou destino Portugal"
"Error [PSDBE] al guardar el envío, referencia duplicada en la BD [SAVED]. Cambie la referencia y vuelva a intentarlo ","Erro [PSDBE] ao salvar o envio, referência duplicada no BD [SAVED]. Alterar a referência e tentar novamente "
"Error [PSDBE] al guardar el envío, referencia duplicada en la BD [SAVED]. Cambie la referencia y vuelva a intentarlo ","Erro [PSDBE] ao salvar o envio, referência duplicada no BD [SAVED]. Alterar a referência e tentar novamente "
"Error de Código de Cliente","Erro do Código do Cliente"
"Error de selección","Erro de seleção"
"Error en la respuesta. Vuelva a intentarlo más tarde","Falha na resposta. Tente novamente mais tarde"
"ERROR GENERAL","ERRO GERAL"
"Error Http: ","Erro Http: "
"Error no hay guardado ningún remitente por defecto","Erro nenhum remetente é salvo por padrão"
"Error Validar Credenciales","Erro Validação de Credenciais"
"Errores en la impresión de la etiqueta","Erros de impressão de etiquetas"
"Es una devolución","É um retorno"
"España","Espanha"
"Esta opción activa/desactiva el seguimiento de los pedidos","Esta opção permite/desactiva o seguimento das encomendas"
"Esta opción determina si cuando el pedido se actualiza a medida que pasa por los diferentes estados de seguimiento","Esta opção determina se quando a encomenda é actualizada à medida que passa pelos diferentes estados de rastreio"
"Esta opción permite activar el enlace de seguimiento, en la sección pedidos.","Esta opção permite activar o link de rastreio, na secção de encomendas."
"Esta opción permite añadir número de envío a la orden.","Esta opção permite adicionar o número de remessa ao pedido."
"Esta opción permite añadir observaciones del cliente a la etiqueta.","Esta opção permite adicionar comentários do cliente ao rótulo."
"Esta orden tiene un trasportista asignado que no corresponde con ninguna modalidad de envío de CorreosExpress.","Este pedido tem uma transportadora atribuída que não corresponde a nenhum método de envio CorreosExpress."
"ESTADO","STATUS"
"Estado","Status"
"Estado Anulado","Estado cancelado"
"Estado del pedido tras la grabación","Estado da encomenda após salvar"
"Estado Devuelto","Estado Devolvido"
"Estado en curso","Estado em curso"
"Estado Entregado","Estado entregado"
"Estados:","Status:"
"Este apartado nos permitirá configurar los cambios de estado automáticos para nuestros pedidos, único para todas las tiendas.","Esta seção nos permitirá configurar as mudanças automáticas de status para nossos pedidos, exclusivos para todas as lojas."
"Este es la sección de configuración para módulo de correos express. Es la parte mas importante de nuestro módulo y su correcto funcionamiento depende de ella.","Esta é a secção de configuração do módulo de correos express. É a parte mais importante do nosso módulo e o seu correcto funcionamento depende dele."
"Exportar a csv","Exportarc a csv"
"Exportar a excel","Exportar a excel"
"Exportar a pdf","Exportarv a pdf"
"Facturacion","Facturação"
"Facturación","Facturação"
"Fecha","Data"
"FECHA","DATA"
"FECHA CREACIÓN","DATA DE CRIAÇÃO"
"Fecha de grabación","Data da gravação"
"Fecha de Recogida","Data de levantamento"
"Fecha marcada para la entrega del pedido.","Data marcada para a entrega da encomenda."
"Fecha sobre la que realizaremos la búsqueda de pedidos.","Data em que faremos a pesquisa da encomenda."
"Filtro mediante el que realizar la búsqueda de nuestros pedidos.","Filtro através do qual procurar as nossas encomendas."
"Finalidad:","Finalidade:"
"Formato Inválido (JPG/PNG)","Formato inválido (JPG / PNG)"
"Generación de resumen de pedidos","Geração de pedidos de compra"
"Generar Envíos","Gerar Envios"
"Gestiona los errores de tu pedido","Gerir os erros da sua encomenda"
"GESTIONAR CÓDIGOS DE CLIENTE","GERIR CÓDIGOS DE CLIENTES"
"Gestión de código de cliente, un código activo por tienda. El código de cliente activo se determina mediante el Remitente por defecto de cada tienda.","Gestão do código do cliente, um código activo por loja. O código do cliente activo é determinado pelo Remetente por defeito."
"Gestión de remitentes, podrás tener todos los que quieras. Cada tienda tendrá solo uno activo, que se determinará con el Remitente por defecto.","Gerenciamento de remetentes, você pode ter quantos quiser. Cada loja terá apenas uma ativa, que será determinada com o Remetente por padrão."
"Gestión de remitentes, podrás tener todos los que quieras. La tienda tendrá solo uno activo, que se determinará con el Remitente por defecto.","Gestão do remetente, pode ter tantos quantos quiser. A loja terá apenas um remetente activo, que será determinado pelo Remetente por defeito."
"Grabación masiva de pedidos","Registo em massa das encomendas"
"Grabar Envío","Expedição de registos"
"Grabar Recogida","Salvar Pickup"
"Guardar","Salvar"
"Guardar configuración Cron","Salvar configuração Cron"
"Guardar configuración de usuario","Salvar configurações do usuário"
"Guardar configuración del cron","Salvar configuração cron"
"Guardar Credenciales de usuario","Salvar Credenciais do usuário"
"Guardar credenciales","Salvar Credenciais"
"Guardar datos de cliente","Salvar dados de clientes"
"Guardar Producto","Salvar Produto"
"Guardar productos","Salvar produtos"
"Guardar relaciones de transportistas","Salvar relacionamentos com transportadores"
"Guardar remitente defecto","Salvar remetente padrão"
"Guardar Remitente por defecto","Salvar remetente padrão"
"Guardar Transportistas","Salvar transportadores"
"Guardar zonas de envío y transportistas","Salvar zonas de expedição e transportadores"
"Guardaremos la configuración de nuestro Cron.","Vamos salvar a configuração do nosso Cron."
"Guardaremos la configuración de transportistas para utilizarlos en nuestra tienda.","Salvaremos a configuração dos portadores para utilização na nossa loja."
"Guardaremos los productos seleccionados, para posteriormente asignarlos a los transportistas.","Salvaremos os produtos seleccionados, para mais tarde os atribuirmos aos transportadores."
"Guarde sus credenciales en un lugar seguro","Mantenha as suas credenciais num local seguro"
" ha sido borrado correctamente"," foi excluído com sucesso"
"Hacer click para ver el manual de esta sección","Clique aqui para ver o manual para esta secção"
"Han habido errores durante la Grabación","Ocorreram erros durante a gravação"
"Han habido errores durante la reimpresión","Ocorreram erros durante a reimpressão"
"Hasta","Para"
"Hasta(h:m)","Para(h:m)"
"Hasta:","Para:"
"HAZLES LA VIDA FÁCIL.","TORNAM A SUA VIDA FÁCIL."
"He leído y acepto la ","Li e aceito a "
"política de privacidad, ","Política de privacidade, "
"la ","la "
" política de protección de datos "," política de proteção de dados "
" y el "," y el "
" Detalle legal del formulario."," Detalhe legal do formulário."
"Histórico de envios","Histórico de envio"
"Histórico Envío Correos Express","Envío histórico Correos Express"
"Hola,<br/>¿Eres cliente<br/> de <span class='CEX-text-blue'>Correos</span> <span class='CEX-text-blue'>Express</span>?","Olá,<br/>Será um cliente<br/> de <span class='CEX-text-blue'>Correos</span> <span class='CEX-text-red'>Express</span>?"
"Hora","Hora"
"HORA ANTERIOR A LA ACTUAL.","HORA ANTES DA CORRENTE."
"Hora desde la que está disponible para la recogida.","Tempo a partir do qual está disponível para recolha."
"Hora hasta la que está disponible para la recogida.","Tempo até estar disponível para a recolha."
"Hora Recogida desde","Tempo de Recolha a partir de"
"Hora Recogida hasta","Tempo de Recolha até"
"Horario en el que se realizará la recogida","Hora de recolha"
"ID","ID"
"ID Entidad","Entidade ID"
"ID Incremental","Incremental ID"
"ID ORDEN","ORDEM ID"
"Identificador","Identificador"
"Imagen logo demasiado grande","Imagem do logotipo muito grande"
"Imprimir Etiquetas","Impressão de etiquetas"
"Imprimir resumen","Imprimir sumário"
"Información básica sobre protección de datos","Informação básica sobre protecção de dados"
"Información extra sobre el pedido.","Informação extra sobre a encomenda."
"Información legal pertinente a mostrar","Informação legal relevante a exibir"
"Inicio","Começar"
"Intercambiar los datos con los del destinatario","Troca de dados com os dados do destinatário"
"Intercambiar los datos con los del remitente","Troca de dados com os dados do remetente"
"Intervalo de horas para la recogida.","Intervalo de horas para coleta."
"Introduzca datos de Búsqueda.","Insira os dados de pesquisa."
"IR AL PEDIDO ", "VÁ AO PEDIDO "
"KG por defecto","KG padrão"
"KG","KG"
"Kilos","quilos"
"La configuración se ha actualizado con éxito","A configuração foi atualizada com sucesso"
"La entrega en sábados solo está disponible si se utiliza el PAQ 14 ¿Quieres cambiar la modalidad de envío a PAQ 14?","A entrega aos sábados só está disponível se for utilizado o PAQ 14. Deseja alterar o método de envio para o PAQ 14?"
"La información de los clientes de la etiqueta se obtiene de una de las dos direcciones de una orden","A informação do cliente no rótulo é obtida a partir de uma das duas direcções de uma encomenda"
"La Orden no pertenece a un transportista CEX","O pedido não pertence a uma transportadora CEX"
"La petición con referencia: ","O pedido com referência: "
"La petición de envio ","O pedido de envio "
"La petición de envio se ha cursado con exito: ","O pedido de envio foi processado com sucesso: "
"La petición de envio se ha cursado con éxito:","O pedido de recolha foi completado com êxito:"
"La petición de recogida ","O pedido de coleta "
"La petición de recogida se ha cursado con exito: ","O pedido de recolha foi completado com sucesso: "
"La petición de recogida se ha cursado con éxito:","O pedido de recolha foi completado com sucesso:"
"LA PETICIÓN HA SIDO CURSADA","O PEDIDO FOI FEITO"
"La recogida será Automática ","A coleta será automática "
"La recogida será automática","A coleta será automática "
"La relación entre ambos es 1:1, es decir un transportista esta asociado a un producto. Si se cambia el producto asociado a un transportista, se modificará todo el histórico de pedidos relacionado con él.","A relação entre os dois é 1:1, ou seja, um transportador está associado a um produto. Se alterar o produto associado a um transportador, todo o histórico de encomendas relacionadas com o mesmo será modificado."
"Las Credenciales se han actualizado con éxito","As credenciais foram actualizadas com sucesso"
"Las credenciales son correctas","As credenciais estão corretas"
"Las credenciales son incorrectas","As credenciais estão incorrectas"
"Las mejores soluciones de transporte urgente para tus clientes online","As melhores soluções de transporte expresso para os seus clientes online"
"Las zonas se listan por ","As zonas são listadas por "
"Las zonas se listan por <strong>orden de preferencia de uso.</strong>","As zonas estão listadas em <strong>ordem de preferência de uso.</strong>."
"Legitimación:","Legitimação:"
"Links de descarga","Links para download."
"Listado de los productos que tiene a su disposición Correos Express. Una selección de productos por tienda.","Lista dos produtos que Correos Express tem ao seu dispor. Uma seleção de produtos por loja."
"Listado de los productos que tiene a su disposición Correos Express.","Lista dos produtos que Correos Express tem à sua disposição. "
"Listado de los productos que tiene a su disposición Correos Express. Marque únicamente los productos pactados con su comercial. Si se selecciona algún producto no contratado, se producirá un error al grabar el envío.","Lista dos produtos que Correos Express tem à sua disposição. Verifique apenas os produtos acordados com o seu comercial. Se seleccionar qualquer produto não contratado, ocorrerá um erro ao guardar o envio."
"Listado de productos seleccionados en la sección Productos Cex.","Lista de produtos seleccionados na secção Produtos Cex."
"Localización inmediata del destinatario, en caso de ausencia","Localização imediata do destinatário em caso de ausência"
"Localización inmediata del destinatario en caso de ausencia","Localização imediata do destinatário em caso de ausência"
"Los campos con ","Campos com "
"Los datos de %s no ha sido actualizado","Os dados da %s não foram actualizados"
"Los datos de %s se han actualizado correctamente","Os dados da %s foram actualizados correctamente"
"Los datos no han sido modificados","Os dados não foram modificados"
"Los datos no se han actualizado","Os dados não foram actualizados"
"Los datos se han actualizado correctamente","Os dados foram actualizados correctamente"
"Los envíos a Portugal solo están disponibles si se utiliza el PAQ 24 ¿Quieres cambiar la modalidad de envío a PAQ 24?","Os envios para Portugal só estão disponíveis se utilizar o PAQ 24 Quer alterar o seu método de envio para PAQ 24?"
"Los productos no se han actualizado","Os produtos não foram actualizados"
"Los productos se han actualizado correctamente","Os produtos têm sido actualizados com sucesso"
"Los transportistas/métodos de envío son aquellos configurados en la sección Tranporte de Magento. Se debería crear un transportista para cada producto contratado, ya que un transportista solo puede tener asignado un producto.","As transportadoras / métodos de envio são aqueles configurados na seção transporte do Prestashop. Deve ser criada uma transportadora para cada produto contratado, uma vez que uma transportadora só pode ter um produto atribuído."
"Los transportistas/métodos de envío son aquellos configurados por Magento. ", "Os transportadores/métodos de expedição são os configurados pela Magento."
"Método de pago contrareembolso","Método de pagamento contra entrega em dinheiro"
"Manual Edición Código Cliente","Manual de Edição de Código do Cliente"
"Manual Edición Remitente","Manual de Edição do Remetente"
"Manual interactivo","Manual interativo"
"Manual interactivo Grabación del pedido","Manual interativo. Gravação manual"
"Manual interactivo Grabación masiva","Manual interativo. Gravação gravação massiva"
"Manual interactivo Reimpresión","Manual interativo. Reimprimir"
"Manual interactivo Resumen pedidos","Manual interativo. Resumo de pedidos"
"Medio Folio","Folio Medio"
"MENSAJE","MENSAGEM"
". Mensaje-> ",". Menssagem-> "
"MINIMIZA LAS INCIDENCIAS.","MINIMIZA OS INCIDENTES."
"Minutos","Minutos"
"Modalidad cambiada a PAQ 14","Modalidade alterada para PAQ 14"
"Modalidad de envío","Modo de entrega"
"Modificada relación"," RelationShip modified"
"Modificada relación transportista, se asigna PAQ 24","Mudou a relação do transitário, atribui ao PAQ 24"
"Modificados productos configurados, se asigna y añade PAQ 24","Produtos configurados modificados, atribuir e adicionar PAQ 24"
"Mostrando registros del 0 al 0 de un total de 0 registros","filtrado de un total de _MAX_ registros"
"Mostrando registros del _START_ al _END_ de un total de _TOTAL_ registros","Mostrando registos de _START_ a _END_ de um total de _TOTAL_ registos"
"Mostrar _MENU_ registros","Mostrar _MENU_ registos"
"Mostrar/Ocultar columnas","Mostrar/Ocultar Colunas"
"Método de pago contrareembolso","Forma de pagamento à vista"
"MÉTODO ENVÍO - PRODUCTO","MÉTODO DE ENVIO - PRODUTO"
"Móvil","Móvil"
"N. ENVÍO","N. ENVIO"
"Necesitas seleccionar una oficina para completar el pedido","É necessário seleccionar um gabinete para completar a encomenda"
"Necesitas tener códigos de remitente","Precisa de ter códigos de remetente"
"Ninguno","Nenhum"
"Ningún dato disponible en esta tabla","Não há dados disponíveis neste quadro"
"No configurado","Não configurado"
"No corresponde a productos CEX","Não corresponde aos produtos CEX"
"No es una referencia Guardada en Base de Datos"," Não é uma referência Salvo no Banco de Dados"
"No hay códigos de cliente disponibles","Não há códigos de cliente disponíveis"
"No hay etiquetas","Sem rotulos"
"No hay métodos mapeados","Nenhum método mapeado"
"No hay productos CEX activos","Sem produtos CEX activos"
"No hay remitentes dados de alta","Não há remetentes registados"
"No hay resultados para la búsqueda","Não há resultados para a sua pesquisa"
"No se encontraron resultados","Não foram encontrados resultados"
"No se ha indicado el número de bultos de la orden ","O número de embalagens na encomenda não foi indicado. "
"No se ha podido establecer el remitente por defecto","Incapaz de definir o remetente padrão"
"No se ha podido guardar el remitente por defecto","Falha ao salvar o remetente padrão"
"No se puede utilizar el servicio de contrareembolso con la opcion entrega en oficina activada","Você não pode usar o serviço de pagamento na entrega com a opção de entrega no escritório ativada"
"No se puede utilizar el servicio entrega en oficina con la opcion de contrareembolso activada","Você não pode usar o serviço de entrega no escritório com a opção de pagamento na entrega ativada"
"NO TIENES ACCESO A ESTA SECCIÓN","NÃO TEM ACESSO A ESTA SECÇÃO"
"No tienes productos para enviar los sábados.","Você não tem produtos para enviar aos sábados."
"NOMBRE","NOME"
"Nombre","Nome"
"Nombre:","Nome:"
"NOMBRE DESTINATARIO","NOME DO DESTINATÁRIO"
"Nombre destinatario","Nome do destinatário"
"Nombre remitente","Nome do remetente"
"NÚMERO DE BULTOS NO PERMITIDO","NÚMERO DE EMBALAGEMS NÃO PERMITIDOS"
"Número de bultos no permitido","Número de embalagens não permitidos"
"Número de bultos por defecto","Número predefinido de embalagens"
"Número de orden del pedido que ha provocado el error de reimpresión, si procede (000 en caso de error genérico)","Número do pedido que causou o erro de reimpressão, se aplicável (000 em caso de erro genérico)"
"Observaciones entrega","Observações entrega"
"Observaciones recogida","Observações recolhidas"
"Oficina","escritório"
"Oficina para la entrega","escritório de entrega"
"Oficina seleccionada","escritório seleccionado"
"OPCIONES CRON","CRON OPÇÕES"
"orden de preferencia de uso.","ordem de preferência de uso."
"Ordenes","Ordens"
"Orden:","Ordem:"
"Orden: Extra","Ordem: Extra"
"Orden: Otras zonas","Ordem: Outras áreas"
"Pago contrarrembolso", "pagamento contra entrega"
"Pagos por cheque","Pagamentos em cheque"
"Pagos por transferencia bancaria","Pagamentos por transferência bancária"
"Para guardar los datos del remitente, primero hay que añadir un código de cliente.","Para salvar os dados do remetente, é necessário primeiro adicionar um código de cliente."
"PARA LA ENTREGA EN OFICINA ES NECESARIO INTRODUCIR EL TELÉFONO MÓVIL","PARA A ENTREGA NO OFFICE É NECESSÁRIO INTRODUZIR O NÚMERO DE TELEMÓVEL"
"Para poder realizar el pedido es necesario seleccionar una oficina","Para fazer o pedido, é necessário selecionar um escritório"
"Password","Senha"
"País","País"
"País de destino del pedido, el CP del destinatario debe pertenecer al país seleccionado.","País de destino da encomenda, o PC do destinatário deve pertencer ao país seleccionado."
"País destino","País de destino"
"País recogida","País recolhida"
"Pedido GRABADO","Ordem GRAVADA"
"Persona contacto","Pessoa de contacto"
"Peso por defecto ","Peso por defeito"
"Peso","Peso"
"Población","População"
"Población destino","População de destino"
"Población recogida","População coletada"
"Porque hay cosas que no pueden esperar, entregamos tu pedido en sábado.","Porque algumas coisas não podem esperar, entregamos a sua encomenda no sábado."
"Portugal","Portugal"
"Posición de etiqueta","Posição da etiqueta"
"Posición de la etiqueta","Posição da etiqueta"
"Primero","Primeiro"
"Procesando...","Processamento..."
"Product","Product"
"PRODUCTO CEX","PRODUTO CEX"
"PRODUCTOS CEX","PRODUTOS CEX"
"Quitar remitente de las etiquetas","Retirar o remetente das etiquetas"
"Recogida Desde  ","Recolher de "
"Recogida desde","Recolher de "
"REF ENVÍO","REFERÊNCIA DE NAVIO"
"Ref.Pedido","Ref. Encomenda"
"REFERENCIA","REFERÊNCIA"
"Referencia de envío","Referência de envio"
"Referencias para las ordenes","Referências para pedidos"
"Registro Envío Correos Express","Registro del envío Correos Express"
"REGÁLALES TRANQUILIDAD.","DAR-LHES TRANQUILIDADE."
"Reimpresión de etiquetas","Reimpressão de etiquetas"
"Reimprimir","Reimprimir"
"Reimprimirá las etiquetas del envío de esa fila de la tabla con el tipo y posicion determinado en los desplegables inferiores","Ele reimprimirá as etiquetas de envio dessa linha da tabela com o tipo e a posição determinados nas listas suspensas inferiores"
"Reimprimirá las etiquetas que se hayan seleccionado en la tabla de grabaciones del tipo seleccionado en los desplegables","Imprima as etiquetas que foram selecionadas na tabela de gravações do tipo selecionado nas listas suspensas"
"Reiniciaremos el formulario.","Iremos reiniciar o formulário."
"RELACIONAR ZONAS DE ENVÍO Y TRANSPORTISTAS","LIGAÇÃO DE ZONAS DE NAVEGAÇÃO E TRANSPORTADORES"
"Remitente por defecto","Remetente por defeito"
"Remitente actualizado con exito","Remetente atualizado com sucesso"
"REMITENTE: CP NO ENCONTRADO","REMETENTE: CP NÃO ENCONTRADO"
"REMITENTES","REMETENTE"
"Remitentes","Remetente"
"Responsable:","Responsável:"
"Respuesta WS","Resposta WS"
"Resto de campos con información del destinatario.","Campos restantes com informação do destinatário."
"Resto de campos con información del remitente.","Campos restantes com informação do remetente."
"se ha cursado con exito: ","  foi processado com sucesso:  "
"se ha encontrado un error en los datos","foi encontrado um erro nos dados"
"Sección de datos referente al destinatario.","Secção de dados do destinatário."
"Sección de datos referente al remitente.","Secção de dados do remetente."
"Seguimiento","Seguimento"
"Selecciona la fecha de la que quieres imprimir el resumen de pedidos","Seleccione a data para a qual pretende imprimir o resumo da encomenda."
"Selecciona la fecha de la que quieres ver los pedidos","Seleccione a data a partir da qual pretende visualizar as encomendas"
"Selecciona la oficina para entrega","Seleccione o escritório para entrega"
"Selecciona un estado","Seleccione um estado"
"Seleccionable de los productos activos seleccionados en la configuración por usted.","Seleccionável a partir dos produtos activos seleccionados na configuração por si."
"Seleccionar","Selecionar"
"Seleccionar remitente por defecto","Seleccionar o remetente por defeito"
"Seleccionar todos","Selecionar tudos"
"Seleccionaremos todos los pedidos de la tabla.","Seleccionaremos todas as encomendas na tabela."
"Seleccione el método de pago contra reembolso en caso de que se utilice esta modalidad en caso contrario seleccione Ninguno.","Seleccionar o método de pagamento contra entrega se este método for utilizado, caso contrário seleccionar Nenhum."
"Seleccione el tipo de ejecución del cambio de estados","Selecione o tipo de execução da mudança de estados"
"Seleccione el tipo de Etiqueta","Seleccione o tipo de etiqueta"
"Seleccione la posición de la Etiqueta","Seleccionar a posição da etiqueta"
"Seleccione un país","Selecione um país"
"Seleccione un remitente","Selecione um remetente"
"Seleccione una dirección de destino","Selecione um endereço de destino"
"Seleccione una modalidad de envío","Selecione um método de envio"
"Selección de Etiquetas para la reimpresión.  Específico para la reimpresión de etiquetas", "Seleção de etiquetas para reimpressão. Específico para reimpressão de etiquetas"
"Selección del remitente por defecto, irá asociado a la tienda en la que se encuentre y solo a ella. Este será el remitente que utilizará la tienda en los pedidos. Es un campo obligatorio.","Selecção do remetente por defeito, este será associado à loja em que se encontra e apenas a ela. Este será o remetente que a loja irá utilizar nas encomendas. Trata-se de um campo obrigatório."
"Servicio Especializados en tus compradores Online","Serviço especializado para os seus compradores online"
"SERVICIO GRATUITO INCLUIDO EN EL PAQ 24H","SERVIÇO GRATUITO INCLUÍDO NO PAQ 24H"
"Servicio gratuito incluido en tu envío PAQ24H","Serviço gratuito incluído no seu envio PAQ24H"
"Si el pedido está asegurado, aquí se introducirá el importe del mismo.","Se a encomenda estiver segurada, o montante da encomenda será introduzido aqui."
"Si hay varias zonas con un valor de 0 en el orden, el orden de preferencia es de arriba a abajo.","Se houver múltiplas zonas com um valor 0 na ordem, a ordem de preferência é de cima para baixo."
"Si marca esta opción, las etiquetas se generarán con un remitente alternativo.","Se você marcar esta opção, os rótulos serão gerados com um remetente alternativo."
"Si marca esta opción, las etiquetas se generarán sin remitente.",  "Se marcar esta opção, as etiquetas serão geradas sem um remetente."
"Si no están en casa, contactamos con ellos para una segunda entrega. Gestión proactiva de incidencias.","Se não estiverem em casa, contactamo-los para uma segunda entrega. Gestão proactiva de incidentes."
"Si se activa, actualizará el estado de la orden en función del CRON y la selección de estados realizada.","Se activado, actualizará o estado da encomenda com base no CRON e na selecção de estado feita."
"Si selecciona esta opción, se generarán los archivos de log del cron y se añadirá una pestaña de soporte","Se você selecionar esta opção, os arquivos de log do cron serão gerados e uma guia de suporte será adicionada"
"Siguiente","Seguindo"
"sin coste adicional","Sem custos adicionais"
"SKU","SKU"
"Solo seleccionar esta opción en caso de necesitar envío con recogida.","Selecione esta opção apenas no caso de precisar de envio com pickup."
"son requeridos."," são necessários."
"SOPORTE","SUPORTE"
"Soporte Rápido","Suporte rápido"
"Soy Nuevo, ¡Llamadme!","Sou novo, chamem-me!"
"Su selección permite la reimpresión de las etiquetas de ese envío al pulsar el botón Reimprimir","Sua seleção permite a reimpressão das etiquetas daquela remessa ao pressionar o botão Reimprimir"
"Suba una imagen para el logo por favor","Faça upload de uma imagem para o logotipo, por favor"
"Suba una imagen válida por favor (jpg, gif, png) y menor de 400kB","Faça upload de uma imagem válida (jpg, gif, png) e menor que 400kB"
"Subir Imagen ","Carregar imagem "
"Subtotal","Subtotal"
"Sí, configurar mi módulo","Sim, configurar o meu módulo"
"Tabla de errores de reimpresión, tanto a nivel de petición como a nivel de etiqueta","Tabela de erros de reimpressão, tanto no nível da solicitação quanto no nível da etiqueta"
"Tabla en la que podremos consultar el histórico del pedido.","Tabela na qual podemos consultar o histórico da encomenda."
"Tabla en la que se nos muestran nuestros codigos de cliente, asi como los botones de borrado y modificación del mismo.","Tabela na qual são apresentados os nossos códigos de cliente, bem como os botões para o eliminar e modificar."
"Tabla en la que se nos muestran nuestros códigos de cliente, asi como los botones de borrado y modificación del mismo.","Tabela na qual são apresentados os nossos códigos de cliente, bem como os botões para o eliminar e modificar."
"Tabla que muestra todos los remitentes creados para la tienda en curso.","Tabela que mostra todos os remetentes criados para a loja actual."
"tarea cex","tarefa cex"
"Teléfono","Telefone"
"Teléfono de contacto *",telefone de contacto *."
"Teléfono destinatario","telefone do destinatário"
"Teléfono fijo","Telefone fixo"
"Teléfono remitente","telefone remetente"
"Termica","Térmico"
"Texto Alternativo","Alternative Text"
"Tfn. Fijo","Telefone fixo"
"Tfn. Móvil","Telefone móvil"
"Tiempo de Actualización de los Estados","Tempo de actualização do Estados"
"Tipo","Tipo"
"Tipo de ejecución del cron","Tipo de execução cron"
"Tipo de etiqueta","Tipo de etiqueta"
"Tipo de etiqueta por defecto","Tipo de etiqueta pré-definida"
"Total","Total"
"Transportistas","transportadores"
"Transportistas Advanced Free Shipping","transportadores Advanced Free Shipping"
"Térmica","Térmico"
"URL del web service de envío.","URL do serviço web de envio."
"URL del web service de recogida.","URL do serviço web de recolha."
"URL del web service de seguimiento de envío.","URL do serviço web de rastreio de envios."
"URL Web Service (envío)",Serviço Web URL (submissão)"
"URL Web Service (recogida)","Serviço Web URL (recolha)"
"URL Web Service (seguimiento)","Serviço Web URL (seguimento)"
"Usuario","Usuário"
"Usuario:","Usuário:"
"Utilidad mediante la que grabaremos nuestros pedidos de forma masiva.","Utilidade através da qual registaremos as nossas encomendas de uma forma massiva."
"Utilidad mediante la que imprimiremos el resumen de nuestros pedidos.","Utilidade através da qual iremos imprimir o resumo das nossas encomendas."
"Utilidad mediante la que reimprimiremos cualquier etiqueta generada previamente.","Utilitário para reimprimir qualquer etiqueta gerada anteriormente."
"Utilidad que nos permite cobrar un importe contrareembolso.","Utilitário que nos permite recolher uma quantia na entrega."
"Utilidad que nos permite copiar los datos del remitente al destinatario, en caso de que sea una devolución.","Utilitário que nos permite copiar os dados do remetente para o destinatário, no caso de se tratar de uma devolução."
"Utilidad que nos permite rellenar automáticamente la sección remitente con los datos del remitente seleccionado en el apartado inferior.","Utilitário que nos permite preencher automaticamente a secção do remetente com os dados do remetente seleccionado na secção inferior."
"Utilidades","Utilidades"
"VACÍO","VÁCUO"
"Validar Credenciales","Validate Credentiais"
"Valor a cobrar por el método contrareembolso.","Valor a ser cobrado pelo método de pagamento na entrega."
"Valor asegurado","Valor segurado"
"Valor contrareembolso","Valor à vista na entrega"
"Ya puede hacer seguimiento de su pedido con referencia ","Pode agora rastrear a sua encomenda com referência "
"Zona:","Zona:"
"Zona: Otras zonas","Zona: Outras zonas"
"¡Sin compromiso!","Sem compromissos!"
"¿Borrar datos?","Eliminar dados?"
"¿Eres cliente?","É um cliente?"
"¿Estas seguro de borrar el código de cliente y sus remitentes asociados?","Tem a certeza de apagar o código do cliente e os seus remetentes associados?"
"¿Estas seguro de borrar el remitente?","Tem a certeza de apagar o remetente?"
"¿Estás seguro querer que le visite un comercial?","Tem a certeza de que quer que um vendedor o visite?"
"¿Guardar datos de pedido?","Salvar dados da encomenda?"
"Órdenes","Ordens"
"Últimas peticiones","últimas solicitações"
"Último","Último"
